SampleID,Latitude,Longitude,Date,Year,Source,SiteName,Detection,Type
SAMN36984865,34.05465048,-118.4633014,,2020,SRA,,,Host
SAMN3697071,34.05465048,-118.4633014,,2020,SRA,,,Host
PRJNA245906,46.111312,-118.975056,,2019,SRA,,,Soil
SAMN02786853,47.2755146,-120.8506483,,2010,SRA,,,Soil
SAMN02786849,32.8245525,-117.0951632,,1993,SRA,,,Host
SAMN02786848,36.6126019,120.2586349,,1993,SRA,,,Host
1,35.306296,-119.249462,1/1/22,2022,JT_Bakersfield,kern.river,Strong Positive (4 Wells),Soil
2,35.306329,-119.248911,1/1/22,2022,JT_Bakersfield,kern.river,Weak Positive (3 Wells),Soil
3,35.355204,-119.10035,7/1/21,2021,JT_Bakersfield,kern.river,Strong Positive (4 Wells),Soil
4,35.355208,-119.099824,10/1/21,2021,JT_Bakersfield,kern.river,Strong Positive (4 Wells),Soil
5,35.355233,-119.100503,1/1/22,2022,JT_Bakersfield,kern.river,Strong Positive (4 Wells),Soil
6,35.35525,-119.098152,1/1/22,2022,JT_Bakersfield,kern.river,Strong Positive (4 Wells),Soil
7,35.355264,-119.100464,7/1/21,2021,JT_Bakersfield,kern.river,Strong Positive (4 Wells),Soil
8,35.355265,-119.100258,1/1/22,2022,JT_Bakersfield,kern.river,Strong Positive (4 Wells),Soil
9,35.355266,-119.09991,1/1/22,2022,JT_Bakersfield,kern.river,Strong Positive (4 Wells),Soil
10,35.355284,-119.098033,1/1/22,2022,JT_Bakersfield,kern.river,Weak Positive (3 Wells),Soil
11,35.3553,-119.100326,7/1/21,2021,JT_Bakersfield,kern.river,Strong Positive (4 Wells),Soil
12,35.355308,-119.099208,1/1/22,2022,JT_Bakersfield,kern.river,Strong Positive (4 Wells),Soil
13,35.355342,-119.099916,4/1/21,2021,JT_Bakersfield,kern.river,Weak Positive (3 Wells),Soil
14,35.355355,-119.099937,10/1/21,2021,JT_Bakersfield,kern.river,Strong Positive (4 Wells),Soil
15,35.355358,-119.099957,1/1/22,2022,JT_Bakersfield,kern.river,Weak Positive (3 Wells),Soil
16,35.355392,-119.097473,1/1/22,2022,JT_Bakersfield,kern.river,Strong Positive (4 Wells),Soil
17,35.355393,-119.099112,1/1/22,2022,JT_Bakersfield,kern.river,Strong Positive (4 Wells),Soil
18,35.355398,-119.100219,1/1/22,2022,JT_Bakersfield,kern.river,Strong Positive (4 Wells),Soil
19,35.355401,-119.100103,10/1/21,2021,JT_Bakersfield,kern.river,Strong Positive (4 Wells),Soil
20,35.35542,-119.100599,1/1/22,2022,JT_Bakersfield,kern.river,Strong Positive (4 Wells),Soil
21,35.355428,-119.097328,1/1/22,2022,JT_Bakersfield,kern.river,Weak Positive (3 Wells),Soil
22,35.35544,-119.100211,10/1/21,2021,JT_Bakersfield,kern.river,Strong Positive (4 Wells),Soil
23,35.355441,-119.100307,7/1/21,2021,JT_Bakersfield,kern.river,Strong Positive (4 Wells),Soil
24,35.355457,-119.100412,1/1/22,2022,JT_Bakersfield,kern.river,Strong Positive (4 Wells),Soil
25,35.355497,-119.099945,1/1/22,2022,JT_Bakersfield,kern.river,Strong Positive (4 Wells),Soil
26,35.355516,-119.100439,1/1/22,2022,JT_Bakersfield,kern.river,Strong Positive (4 Wells),Soil
27,35.35577,-119.10067,1/1/22,2022,JT_Bakersfield,kern.river,Strong Positive (4 Wells),Soil
28,35.36416,-119.071243,1/1/22,2022,JT_Bakersfield,kern.river,Weak Positive (3 Wells),Soil
29,35.365235,-119.069166,4/1/21,2021,JT_Bakersfield,kern.river,Weak Positive (3 Wells),Soil
30,35.406603,-118.995477,1/1/22,2022,JT_Bakersfield,kern.river,Strong Positive (4 Wells),Soil
31,35.406608,-118.995388,1/1/22,2022,JT_Bakersfield,kern.river,Strong Positive (4 Wells),Soil
32,35.406644,-118.995221,1/1/22,2022,JT_Bakersfield,kern.river,Strong Positive (4 Wells),Soil
33,35.407745,-118.995018,1/1/22,2022,JT_Bakersfield,kern.river,Strong Positive (4 Wells),Soil
34,35.40849,-118.994645,1/1/22,2022,JT_Bakersfield,kern.river,Strong Positive (4 Wells),Soil
35,35.408562,-118.991592,10/1/21,2021,JT_Bakersfield,kern.river,Strong Positive (4 Wells),Soil
36,35.408663,-118.991039,1/1/22,2022,JT_Bakersfield,kern.river,Strong Positive (4 Wells),Soil
37,35.408691,-118.991103,1/1/22,2022,JT_Bakersfield,kern.river,Strong Positive (4 Wells),Soil
38,35.408717,-118.991095,10/1/21,2021,JT_Bakersfield,kern.river,Strong Positive (4 Wells),Soil
39,35.408747,-118.991115,4/1/21,2021,JT_Bakersfield,kern.river,Strong Positive (4 Wells),Soil
40,35.40877778,-118.9912111,7/1/21,2021,JT_Bakersfield,kern.river,Strong Positive (4 Wells),Soil
41,35.408832,-118.990955,10/1/21,2021,JT_Bakersfield,kern.river,Strong Positive (4 Wells),Soil
42,35.408873,-118.991756,10/1/21,2021,JT_Bakersfield,kern.river,Strong Positive (4 Wells),Soil
43,35.408889,-118.991356,1/1/22,2022,JT_Bakersfield,kern.river,Strong Positive (4 Wells),Soil
44,35.40889722,-118.9912417,7/1/21,2021,JT_Bakersfield,kern.river,Strong Positive (4 Wells),Soil
45,35.40894444,-118.9914083,7/1/21,2021,JT_Bakersfield,kern.river,Strong Positive (4 Wells),Soil
46,35.40898889,-118.9914083,7/1/21,2021,JT_Bakersfield,kern.river,Strong Positive (4 Wells),Soil
47,35.408992,-118.991422,1/1/22,2022,JT_Bakersfield,kern.river,Strong Positive (4 Wells),Soil
48,35.408994,-118.991393,4/1/21,2021,JT_Bakersfield,kern.river,Strong Positive (4 Wells),Soil
49,35.409063,-118.991478,1/1/22,2022,JT_Bakersfield,kern.river,Strong Positive (4 Wells),Soil
50,35.4093,-118.984358,1/1/22,2022,JT_Bakersfield,kern.river,Strong Positive (4 Wells),Soil
51,35.409478,-118.984965,1/1/22,2022,JT_Bakersfield,kern.river,Strong Positive (4 Wells),Soil
52,35.42010556,-118.9698944,7/1/21,2021,JT_Bakersfield,kern.river,Weak Positive (3 Wells),Soil
53,36.146602,-120.33948,1/1/22,2022,JT_Coalinga,los.gatos.creek,Weak Positive (3 Wells),Soil
54,36.147252,-120.339014,1/1/22,2022,JT_Coalinga,los.gatos.creek,Strong Positive (4 Wells),Soil
55,36.150708,-120.346271,1/1/22,2022,JT_Coalinga,los.gatos.creek,Strong Positive (4 Wells),Soil
56,36.150845,-120.346329,1/1/22,2022,JT_Coalinga,los.gatos.creek,Strong Positive (4 Wells),Soil
57,36.150902,-120.346345,1/1/22,2022,JT_Coalinga,los.gatos.creek,Strong Positive (4 Wells),Soil
58,36.151268,-120.346382,1/1/22,2022,JT_Coalinga,los.gatos.creek,Weak Positive (3 Wells),Soil
59,36.151289,-120.346262,1/1/22,2022,JT_Coalinga,los.gatos.creek,Strong Positive (4 Wells),Soil
60,36.151299,-120.346338,1/1/22,2022,JT_Coalinga,los.gatos.creek,Strong Positive (4 Wells),Soil
61,36.151541,-120.3478,1/1/22,2022,JT_Coalinga,los.gatos.creek,Strong Positive (4 Wells),Soil
62,36.151621,-120.351294,1/1/22,2022,JT_Coalinga,los.gatos.creek,Strong Positive (4 Wells),Soil
63,36.151629,-120.349402,1/1/22,2022,JT_Coalinga,los.gatos.creek,Strong Positive (4 Wells),Soil
64,36.151728,-120.346565,1/1/22,2022,JT_Coalinga,los.gatos.creek,Strong Positive (4 Wells),Soil
65,36.15183,-120.351351,1/1/22,2022,JT_Coalinga,los.gatos.creek,Strong Positive (4 Wells),Soil
66,36.152093,-120.351523,1/1/22,2022,JT_Coalinga,los.gatos.creek,Strong Positive (4 Wells),Soil
67,36.152316,-120.351773,1/1/22,2022,JT_Coalinga,los.gatos.creek,Strong Positive (4 Wells),Soil
68,36.152443,-120.352012,1/1/22,2022,JT_Coalinga,los.gatos.creek,Strong Positive (4 Wells),Soil
69,36.152522,-120.352136,1/1/22,2022,JT_Coalinga,los.gatos.creek,Strong Positive (4 Wells),Soil
70,36.15266667,-120.3570722,8/1/20,2020,JT_Coalinga,los.gatos.creek,Strong Positive (4 Wells),Soil
71,36.15266667,-120.3570722,8/1/20,2020,JT_Coalinga,los.gatos.creek,Strong Positive (4 Wells),Soil
72,36.15268611,-120.3587944,8/1/20,2020,JT_Coalinga,los.gatos.creek,Strong Positive (4 Wells),Soil
73,36.15268611,-120.3587944,8/1/20,2020,JT_Coalinga,los.gatos.creek,Weak Positive (3 Wells),Soil
74,36.1527525,-120.3595725,8/1/20,2020,JT_Coalinga,los.gatos.creek,Weak Positive (3 Wells),Soil
75,36.152767,-120.358505,8/1/20,2020,JT_Coalinga,los.gatos.creek,Strong Positive (4 Wells),Soil
76,36.152819,-120.358114,1/1/22,2022,JT_Coalinga,los.gatos.creek,Strong Positive (4 Wells),Soil
77,36.15282778,-120.3605639,8/1/20,2020,JT_Coalinga,los.gatos.creek,Strong Positive (4 Wells),Soil
78,36.152855,-120.356384,8/1/20,2020,JT_Coalinga,los.gatos.creek,Weak Positive (3 Wells),Soil
79,36.1528564,-120.3574216,8/1/20,2020,JT_Coalinga,los.gatos.creek,Strong Positive (4 Wells),Soil
80,36.15286944,-120.3595194,8/1/20,2020,JT_Coalinga,los.gatos.creek,Strong Positive (4 Wells),Soil
81,36.152972,-120.358796,1/1/22,2022,JT_Coalinga,los.gatos.creek,Strong Positive (4 Wells),Soil
82,36.1530179,-120.3604603,8/1/20,2020,JT_Coalinga,los.gatos.creek,Weak Positive (3 Wells),Soil
83,36.1530616,-120.361338,8/1/20,2020,JT_Coalinga,los.gatos.creek,Strong Positive (4 Wells),Soil
84,36.1530616,-120.361338,8/1/20,2020,JT_Coalinga,los.gatos.creek,Weak Positive (3 Wells),Soil
85,36.15318056,-120.3558583,8/1/20,2020,JT_Coalinga,los.gatos.creek,Strong Positive (4 Wells),Soil
86,36.153272,-120.359727,1/1/22,2022,JT_Coalinga,los.gatos.creek,Weak Positive (3 Wells),Soil
87,36.153306,-120.360567,1/1/22,2022,JT_Coalinga,los.gatos.creek,Strong Positive (4 Wells),Soil
88,36.1533697,-120.3621585,8/1/20,2020,JT_Coalinga,los.gatos.creek,Weak Positive (3 Wells),Soil
89,36.153499,-120.359694,1/1/22,2022,JT_Coalinga,los.gatos.creek,Strong Positive (4 Wells),Soil
90,36.1535168,-120.3620566,8/1/20,2020,JT_Coalinga,los.gatos.creek,Weak Positive (3 Wells),Soil
91,36.1535168,-120.3620566,8/1/20,2020,JT_Coalinga,los.gatos.creek,Strong Positive (4 Wells),Soil
92,36.15376,-120.361582,1/1/22,2022,JT_Coalinga,los.gatos.creek,Strong Positive (4 Wells),Soil
93,36.1537942,-120.3630334,8/1/20,2020,JT_Coalinga,los.gatos.creek,Strong Positive (4 Wells),Soil
94,36.1539214,-120.362884,8/1/20,2020,JT_Coalinga,los.gatos.creek,Strong Positive (4 Wells),Soil
95,36.154368,-120.3636389,8/1/20,2020,JT_Coalinga,los.gatos.creek,Strong Positive (4 Wells),Soil
96,36.1544742,-120.3635431,8/1/20,2020,JT_Coalinga,los.gatos.creek,Strong Positive (4 Wells),Soil
97,36.156978,-120.251305,1/1/22,2022,JT_Coalinga,los.gatos.creek,Strong Positive (4 Wells),Soil
98,36.157736,-120.251356,1/1/22,2022,JT_Coalinga,los.gatos.creek,Strong Positive (4 Wells),Soil
99,36.158145,-120.25042,1/1/22,2022,JT_Coalinga,los.gatos.creek,Strong Positive (4 Wells),Soil
100,36.158285,-120.250916,1/1/22,2022,JT_Coalinga,los.gatos.creek,Strong Positive (4 Wells),Soil
101,36.158611,-120.25053,1/1/22,2022,JT_Coalinga,los.gatos.creek,Strong Positive (4 Wells),Soil
102,35.176195,-119.52282,10/23/18,2018,JT_Highway33,NA,1179927.43,Soil
103,35.176195,-119.52282,10/23/18,2018,JT_Highway33,NA,1407172.71,Soil
104,35.176195,-119.52282,10/23/18,2018,JT_Highway33,NA,1651898.4,Soil
105,35.176195,-119.52282,10/23/18,2018,JT_Highway33,NA,728932.946,Soil
106,35.176195,-119.52282,10/23/18,2018,JT_Highway33,NA,1031343.98,Soil
107,35.176195,-119.52282,10/23/18,2018,JT_Highway33,NA,1101265.6,Soil
108,35.176195,-119.52282,10/23/18,2018,JT_Highway33,NA,812838.897,Soil
109,35.176195,-119.52282,10/23/18,2018,JT_Highway33,NA,1223628.45,Soil
110,35.176195,-119.52282,10/23/18,2018,JT_Highway33,NA,542766.618,Soil
111,35.176195,-119.52282,10/23/18,2018,JT_Highway33,NA,774382.003,Soil
112,35.176195,-119.52282,10/23/18,2018,JT_Highway33,NA,864406.096,Soil
113,35.176195,-119.52282,10/23/18,2018,JT_Highway33,NA,69659.4194,Soil
114,35.176195,-119.52282,10/23/18,2018,JT_Highway33,NA,773507.983,Soil
115,35.176195,-119.52282,10/23/18,2018,JT_Highway33,NA,1494574.75,Soil
116,35.176195,-119.52282,10/23/18,2018,JT_Highway33,NA,900240.929,Soil
117,35.176195,-119.52282,9/23/18,2018,JT_Highway33,NA,50867.9826,Soil
118,35.176195,-119.52282,9/23/18,2018,JT_Highway33,NA,1276069.67,Soil
119,35.176195,-119.52282,9/23/18,2018,JT_Highway33,NA,1206148.04,Soil
120,35.176195,-119.52282,9/23/18,2018,JT_Highway33,NA,775256.023,Soil
121,35.176195,-119.52282,9/23/18,2018,JT_Highway33,NA,650271.118,Soil
122,35.176195,-119.52282,9/23/18,2018,JT_Highway33,NA,332127.721,Soil
123,35.176195,-119.52282,9/23/18,2018,JT_Highway33,NA,289300.726,Soil
124,35.176195,-119.52282,9/23/18,2018,JT_Highway33,NA,540144.557,Soil
125,35.176195,-119.52282,9/23/18,2018,JT_Highway33,NA,908981.132,Soil
126,35.176195,-119.52282,9/23/18,2018,JT_Highway33,NA,62842.061,Soil
127,35.176195,-119.52282,8/23/18,2018,JT_Highway33,NA,101386.357,Soil
128,35.176195,-119.52282,8/23/18,2018,JT_Highway33,NA,194032.511,Soil
129,35.176195,-119.52282,8/23/18,2018,JT_Highway33,NA,358348.331,Soil
130,35.176195,-119.52282,8/23/18,2018,JT_Highway33,NA,48420.7257,Soil
131,35.176195,-119.52282,8/23/18,2018,JT_Highway33,NA,190536.43,Soil
132,35.176195,-119.52282,8/23/18,2018,JT_Highway33,NA,157323.657,Soil
133,35.176195,-119.52282,8/23/18,2018,JT_Highway33,NA,2726943.4,Soil
134,35.176195,-119.52282,8/23/18,2018,JT_Highway33,NA,2403555.88,Soil
135,35.176195,-119.52282,8/23/18,2018,JT_Highway33,NA,2351114.66,Soil
136,35.176195,-119.52282,8/23/18,2018,JT_Highway33,NA,1284809.87,Soil
137,35.176195,-119.52282,8/23/18,2018,JT_Highway33,NA,1276069.67,Soil
138,35.176195,-119.52282,8/23/18,2018,JT_Highway33,NA,2691982.58,Soil
139,35.176195,-119.52282,8/23/18,2018,JT_Highway33,NA,3024110.3,Soil
140,35.176195,-119.52282,8/23/18,2018,JT_Highway33,NA,2473477.5,Soil
141,35.176195,-119.52282,7/25/18,2018,JT_Highway33,NA,31464731.5,Soil
142,35.176195,-119.52282,7/25/18,2018,JT_Highway33,NA,38019883.9,Soil
143,35.176195,-119.52282,7/25/18,2018,JT_Highway33,NA,41778171.3,Soil
144,35.176195,-119.52282,7/25/18,2018,JT_Highway33,NA,51479796.8,Soil
145,35.176195,-119.52282,7/25/18,2018,JT_Highway33,NA,33387576.2,Soil
146,35.176195,-119.52282,7/25/18,2018,JT_Highway33,NA,40554542.8,Soil
147,35.176195,-119.52282,7/25/18,2018,JT_Highway33,NA,43089201.7,Soil
148,35.176195,-119.52282,7/25/18,2018,JT_Highway33,NA,36097039.2,Soil
149,35.176195,-119.52282,6/19/18,2018,JT_Highway33,NA,1949065.31,Soil
150,35.176195,-119.52282,6/19/18,2018,JT_Highway33,NA,2683242.38,Soil
151,35.176195,-119.52282,6/19/18,2018,JT_Highway33,NA,1713079.83,Soil
152,35.176195,-119.52282,6/19/18,2018,JT_Highway33,NA,4046714.08,Soil
153,35.176195,-119.52282,6/19/18,2018,JT_Highway33,NA,2132609.58,Soil
154,35.176195,-119.52282,6/19/18,2018,JT_Highway33,NA,2726943.4,Soil
155,35.176195,-119.52282,6/19/18,2018,JT_Highway33,NA,1835442.67,Soil
156,35.176195,-119.52282,6/19/18,2018,JT_Highway33,NA,1450873.73,Soil
157,35.176195,-119.52282,5/17/18,2018,JT_Highway33,NA,249095.791,Soil
158,35.176195,-119.52282,5/17/18,2018,JT_Highway33,NA,239481.567,Soil
159,35.176195,-119.52282,5/17/18,2018,JT_Highway33,NA,463230.769,Soil
160,35.176195,-119.52282,3/17/18,2018,JT_Highway33,NA,59171.1756,Soil
161,35.176195,-119.52282,2/15/18,2018,JT_Highway33,NA,399427.286,Soil
162,35.176195,-119.52282,2/15/18,2018,JT_Highway33,NA,926461.538,Soil
163,35.176195,-119.52282,2/15/18,2018,JT_Highway33,NA,412537.591,Soil
164,35.176195,-119.52282,2/15/18,2018,JT_Highway33,NA,1232368.65,Soil
165,35.176195,-119.52282,2/15/18,2018,JT_Highway33,NA,586467.634,Soil
166,35.176195,-119.52282,2/15/18,2018,JT_Highway33,NA,54364.0639,Soil
167,35.176195,-119.52282,2/15/18,2018,JT_Highway33,NA,594333.817,Soil
168,35.176195,-119.52282,2/15/18,2018,JT_Highway33,NA,270946.299,Soil
169,35.176195,-119.52282,2/15/18,2018,JT_Highway33,NA,481585.196,Soil
170,35.176195,-119.52282,2/15/18,2018,JT_Highway33,NA,46148.2729,Soil
171,35.176195,-119.52282,1/18/18,2018,JT_Highway33,NA,1249849.06,Soil
172,35.176195,-119.52282,1/18/18,2018,JT_Highway33,NA,917721.335,Soil
173,35.176195,-119.52282,1/18/18,2018,JT_Highway33,NA,1861663.28,Soil
174,35.176195,-119.52282,1/18/18,2018,JT_Highway33,NA,1660638.61,Soil
175,35.176195,-119.52282,1/18/18,2018,JT_Highway33,NA,1608197.39,Soil
176,35.176195,-119.52282,1/18/18,2018,JT_Highway33,NA,1258589.26,Soil
177,35.176195,-119.52282,1/18/18,2018,JT_Highway33,NA,481585.196,Soil
178,35.176195,-119.52282,1/18/18,2018,JT_Highway33,NA,680861.829,Soil
179,35.176195,-119.52282,12/14/17,2017,JT_Highway33,NA,111874601,Soil
180,35.176195,-119.52282,12/14/17,2017,JT_Highway33,NA,90898113.2,Soil
181,35.176195,-119.52282,12/14/17,2017,JT_Highway33,NA,77001190.1,Soil
182,35.176195,-119.52282,12/14/17,2017,JT_Highway33,NA,68610595.1,Soil
183,35.176195,-119.52282,12/14/17,2017,JT_Highway33,NA,92646153.8,Soil
184,35.176195,-119.52282,12/14/17,2017,JT_Highway33,NA,131103048,Soil
185,35.176195,-119.52282,12/14/17,2017,JT_Highway33,NA,52179013.1,Soil
186,35.176195,-119.52282,12/14/17,2017,JT_Highway33,NA,78050014.5,Soil
187,35.176195,-119.52282,12/14/17,2017,JT_Highway33,NA,926461.538,Soil
188,35.176195,-119.52282,12/14/17,2017,JT_Highway33,NA,1040084.18,Soil
189,35.176195,-119.52282,12/14/17,2017,JT_Highway33,NA,518294.049,Soil
190,35.176195,-119.52282,12/14/17,2017,JT_Highway33,NA,1608197.39,Soil
191,35.176195,-119.52282,12/14/17,2017,JT_Highway33,NA,272694.34,Soil
192,35.176195,-119.52282,12/14/17,2017,JT_Highway33,NA,734177.068,Soil
193,35.176195,-119.52282,12/14/17,2017,JT_Highway33,NA,550632.801,Soil
194,35.176195,-119.52282,12/14/17,2017,JT_Highway33,NA,256961.974,Soil
195,35.176195,-119.52282,11/8/17,2017,JT_Highway33,NA,1547015.97,Soil
196,35.176195,-119.52282,11/8/17,2017,JT_Highway33,NA,1520795.36,Soil
197,35.176195,-119.52282,11/8/17,2017,JT_Highway33,NA,1319770.68,Soil
198,35.176195,-119.52282,11/8/17,2017,JT_Highway33,NA,331253.701,Soil
199,35.176195,-119.52282,11/8/17,2017,JT_Highway33,NA,1380952.1,Soil
200,35.176195,-119.52282,11/8/17,2017,JT_Highway33,NA,1022603.77,Soil
201,35.176195,-119.52282,11/8/17,2017,JT_Highway33,NA,680861.829,Soil
202,35.176195,-119.52282,11/8/17,2017,JT_Highway33,NA,374954.717,Soil
203,35.176195,-119.52282,11/8/17,2017,JT_Highway33,NA,151205.515,Soil
204,35.176195,-119.52282,11/8/17,2017,JT_Highway33,NA,1188667.63,Soil
205,35.176195,-119.52282,11/8/17,2017,JT_Highway33,NA,340867.925,Soil
206,35.176195,-119.52282,11/8/17,2017,JT_Highway33,NA,1005123.37,Soil
207,35.176195,-119.52282,11/8/17,2017,JT_Highway33,NA,1625677.79,Soil
208,35.176195,-119.52282,11/8/17,2017,JT_Highway33,NA,1197407.84,Soil
209,35.176195,-119.52282,11/8/17,2017,JT_Highway33,NA,891500.726,Soil
210,35.176195,-119.52282,11/8/17,2017,JT_Highway33,NA,552380.842,Soil
211,35.176195,-119.52282,11/8/17,2017,JT_Highway33,NA,379324.819,Soil
212,35.176195,-119.52282,11/8/17,2017,JT_Highway33,NA,188788.389,Soil
213,35.176195,-119.52282,11/8/17,2017,JT_Highway33,NA,27531.6401,Soil
214,35.176195,-119.52282,11/8/17,2017,JT_Highway33,NA,456238.607,Soil
215,35.176195,-119.52282,11/8/17,2017,JT_Highway33,NA,1171187.23,Soil
216,35.176195,-119.52282,11/8/17,2017,JT_Highway33,NA,151205.515,Soil
217,35.339717,-119.63083,10/23/18,2018,JT_Highway33,NA,828571.263,Soil
218,35.339717,-119.63083,10/23/18,2018,JT_Highway33,NA,748161.393,Soil
219,35.339717,-119.63083,10/23/18,2018,JT_Highway33,NA,1826702.47,Soil
220,35.339717,-119.63083,10/23/18,2018,JT_Highway33,NA,1695599.42,Soil
221,35.339717,-119.63083,10/23/18,2018,JT_Highway33,NA,1389692.31,Soil
222,35.339717,-119.63083,10/23/18,2018,JT_Highway33,NA,3251355.59,Soil
223,35.339717,-119.63083,10/23/18,2018,JT_Highway33,NA,1957805.52,Soil
224,35.339717,-119.63083,10/23/18,2018,JT_Highway33,NA,558498.984,Soil
225,35.339717,-119.63083,10/23/18,2018,JT_Highway33,NA,15295355.6,Soil
226,35.339717,-119.63083,10/23/18,2018,JT_Highway33,NA,12148882.4,Soil
227,35.339717,-119.63083,10/23/18,2018,JT_Highway33,NA,15382757.6,Soil
228,35.339717,-119.63083,10/23/18,2018,JT_Highway33,NA,16256777.9,Soil
229,35.339717,-119.63083,10/23/18,2018,JT_Highway33,NA,16256777.9,Soil
230,35.339717,-119.63083,10/23/18,2018,JT_Highway33,NA,15207953.6,Soil
231,35.339717,-119.63083,10/23/18,2018,JT_Highway33,NA,17305602.3,Soil
232,35.339717,-119.63083,10/23/18,2018,JT_Highway33,NA,13896923.1,Soil
233,35.339717,-119.63083,10/23/18,2018,JT_Highway33,NA,1695599.42,Soil
234,35.339717,-119.63083,10/23/18,2018,JT_Highway33,NA,987642.961,Soil
235,35.339717,-119.63083,10/23/18,2018,JT_Highway33,NA,1686859.22,Soil
236,35.339717,-119.63083,10/23/18,2018,JT_Highway33,NA,1748040.64,Soil
237,35.339717,-119.63083,10/23/18,2018,JT_Highway33,NA,804972.714,Soil
238,35.339717,-119.63083,10/23/18,2018,JT_Highway33,NA,1861663.28,Soil
239,35.339717,-119.63083,10/23/18,2018,JT_Highway33,NA,1669378.81,Soil
240,35.339717,-119.63083,10/23/18,2018,JT_Highway33,NA,1887883.89,Soil
241,35.339717,-119.63083,9/23/18,2018,JT_Highway33,NA,100512.337,Soil
242,35.339717,-119.63083,9/23/18,2018,JT_Highway33,NA,1477094.34,Soil
243,35.339717,-119.63083,9/23/18,2018,JT_Highway33,NA,1302290.28,Soil
244,35.339717,-119.63083,9/23/18,2018,JT_Highway33,NA,617058.345,Soil
245,35.339717,-119.63083,9/23/18,2018,JT_Highway33,NA,1721820.03,Soil
246,35.339717,-119.63083,9/23/18,2018,JT_Highway33,NA,917721.335,Soil
247,35.339717,-119.63083,9/23/18,2018,JT_Highway33,NA,736799.129,Soil
248,35.339717,-119.63083,9/23/18,2018,JT_Highway33,NA,2447256.89,Soil
249,35.339717,-119.63083,9/23/18,2018,JT_Highway33,NA,2429776.49,Soil
250,35.339717,-119.63083,9/23/18,2018,JT_Highway33,NA,110126.56,Soil
251,35.339717,-119.63083,9/23/18,2018,JT_Highway33,NA,275316.401,Soil
252,35.339717,-119.63083,8/23/18,2018,JT_Highway33,NA,970162.554,Soil
253,35.339717,-119.63083,8/23/18,2018,JT_Highway33,NA,1075044.99,Soil
254,35.339717,-119.63083,8/23/18,2018,JT_Highway33,NA,874020.319,Soil
255,35.339717,-119.63083,8/23/18,2018,JT_Highway33,NA,1092525.4,Soil
256,35.339717,-119.63083,8/23/18,2018,JT_Highway33,NA,646775.036,Soil
257,35.339717,-119.63083,8/23/18,2018,JT_Highway33,NA,1284809.87,Soil
258,35.339717,-119.63083,8/23/18,2018,JT_Highway33,NA,1258589.26,Soil
259,35.339717,-119.63083,8/23/18,2018,JT_Highway33,NA,1127486.21,Soil
260,35.339717,-119.63083,8/23/18,2018,JT_Highway33,NA,254339.913,Soil
261,35.339717,-119.63083,8/23/18,2018,JT_Highway33,NA,69921.6255,Soil
262,35.339717,-119.63083,8/23/18,2018,JT_Highway33,NA,43264.0058,Soil
263,35.339717,-119.63083,8/23/18,2018,JT_Highway33,NA,166937.881,Soil
264,35.339717,-119.63083,8/23/18,2018,JT_Highway33,NA,159071.698,Soil
265,35.339717,-119.63083,8/23/18,2018,JT_Highway33,NA,546262.7,Soil
266,35.339717,-119.63083,7/25/18,2018,JT_Highway33,NA,430017.997,Soil
267,35.339717,-119.63083,7/25/18,2018,JT_Highway33,NA,68348.389,Soil
268,35.339717,-119.63083,7/25/18,2018,JT_Highway33,NA,90024.0929,Soil
269,35.339717,-119.63083,7/25/18,2018,JT_Highway33,NA,194906.531,Soil
270,35.339717,-119.63083,7/25/18,2018,JT_Highway33,NA,1713079.83,Soil
271,35.339717,-119.63083,7/25/18,2018,JT_Highway33,NA,2770644.41,Soil
272,35.339717,-119.63083,7/25/18,2018,JT_Highway33,NA,2613320.75,Soil
273,35.339717,-119.63083,7/25/18,2018,JT_Highway33,NA,2141349.78,Soil
274,35.339717,-119.63083,7/25/18,2018,JT_Highway33,NA,3102772.13,Soil
275,35.339717,-119.63083,7/25/18,2018,JT_Highway33,NA,2473477.5,Soil
276,35.339717,-119.63083,7/25/18,2018,JT_Highway33,NA,2604580.55,Soil
277,35.339717,-119.63083,7/25/18,2018,JT_Highway33,NA,4247738.75,Soil
278,35.339717,-119.63083,7/25/18,2018,JT_Highway33,NA,1005123.37,Soil
279,35.339717,-119.63083,7/25/18,2018,JT_Highway33,NA,1809222.06,Soil
280,35.339717,-119.63083,7/25/18,2018,JT_Highway33,NA,1101265.6,Soil
281,35.339717,-119.63083,7/25/18,2018,JT_Highway33,NA,1162447.02,Soil
282,35.339717,-119.63083,7/25/18,2018,JT_Highway33,NA,1066304.79,Soil
283,35.339717,-119.63083,7/25/18,2018,JT_Highway33,NA,702712.337,Soil
284,35.339717,-119.63083,7/25/18,2018,JT_Highway33,NA,1686859.22,Soil
285,35.339717,-119.63083,6/19/18,2018,JT_Highway33,NA,1144966.62,Soil
286,35.339717,-119.63083,6/19/18,2018,JT_Highway33,NA,52179.0131,Soil
287,35.339717,-119.63083,6/19/18,2018,JT_Highway33,NA,431766.038,Soil
288,35.339717,-119.63083,6/19/18,2018,JT_Highway33,NA,470222.932,Soil
289,35.339717,-119.63083,6/19/18,2018,JT_Highway33,NA,1075044.99,Soil
290,35.339717,-119.63083,6/19/18,2018,JT_Highway33,NA,336497.823,Soil
291,35.339717,-119.63083,6/19/18,2018,JT_Highway33,NA,866154.136,Soil
292,35.339717,-119.63083,6/19/18,2018,JT_Highway33,NA,119740.784,Soil
293,35.339717,-119.63083,6/19/18,2018,JT_Highway33,NA,167811.901,Soil
294,35.339717,-119.63083,6/19/18,2018,JT_Highway33,NA,270072.279,Soil
295,35.339717,-119.63083,6/19/18,2018,JT_Highway33,NA,59695.5878,Soil
296,35.339717,-119.63083,6/19/18,2018,JT_Highway33,NA,1363471.7,Soil
297,35.339717,-119.63083,6/19/18,2018,JT_Highway33,NA,2779384.62,Soil
298,35.339717,-119.63083,6/19/18,2018,JT_Highway33,NA,1040084.18,Soil
299,35.339717,-119.63083,6/19/18,2018,JT_Highway33,NA,1844182.87,Soil
300,35.339717,-119.63083,6/19/18,2018,JT_Highway33,NA,2324894.05,Soil
301,35.339717,-119.63083,6/19/18,2018,JT_Highway33,NA,3303796.81,Soil
302,35.339717,-119.63083,6/19/18,2018,JT_Highway33,NA,987642.961,Soil
303,35.339717,-119.63083,6/19/18,2018,JT_Highway33,NA,3303796.81,Soil
304,35.339717,-119.63083,5/17/18,2018,JT_Highway33,NA,305907.112,Soil
305,35.339717,-119.63083,5/17/18,2018,JT_Highway33,NA,146835.414,Soil
306,35.339717,-119.63083,5/17/18,2018,JT_Highway33,NA,329505.66,Soil
307,35.339717,-119.63083,5/17/18,2018,JT_Highway33,NA,728058.926,Soil
308,35.339717,-119.63083,5/17/18,2018,JT_Highway33,NA,316395.356,Soil
309,35.339717,-119.63083,5/17/18,2018,JT_Highway33,NA,310277.213,Soil
310,35.339717,-119.63083,5/17/18,2018,JT_Highway33,NA,1066304.79,Soil
311,35.339717,-119.63083,5/17/18,2018,JT_Highway33,NA,534026.415,Soil
312,35.339717,-119.63083,5/17/18,2018,JT_Highway33,NA,640656.894,Soil
313,35.339717,-119.63083,5/17/18,2018,JT_Highway33,NA,143339.332,Soil
314,35.339717,-119.63083,5/17/18,2018,JT_Highway33,NA,1783001.45,Soil
315,35.339717,-119.63083,5/17/18,2018,JT_Highway33,NA,1459613.93,Soil
316,35.339717,-119.63083,5/17/18,2018,JT_Highway33,NA,685231.93,Soil
317,35.339717,-119.63083,5/17/18,2018,JT_Highway33,NA,1031343.98,Soil
318,35.339717,-119.63083,5/17/18,2018,JT_Highway33,NA,660759.361,Soil
319,35.339717,-119.63083,5/17/18,2018,JT_Highway33,NA,711452.54,Soil
320,35.339717,-119.63083,5/17/18,2018,JT_Highway33,NA,978902.758,Soil
321,35.339717,-119.63083,5/17/18,2018,JT_Highway33,NA,635412.772,Soil
322,35.339717,-119.63083,5/17/18,2018,JT_Highway33,NA,1048824.38,Soil
323,35.339717,-119.63083,5/17/18,2018,JT_Highway33,NA,926461.538,Soil
324,35.339717,-119.63083,5/17/18,2018,JT_Highway33,NA,952682.148,Soil
325,35.339717,-119.63083,5/17/18,2018,JT_Highway33,NA,409915.53,Soil
326,35.339717,-119.63083,5/17/18,2018,JT_Highway33,NA,987642.961,Soil
327,35.339717,-119.63083,5/17/18,2018,JT_Highway33,NA,1730560.23,Soil
328,35.339717,-119.63083,5/17/18,2018,JT_Highway33,NA,826823.222,Soil
329,35.339717,-119.63083,5/17/18,2018,JT_Highway33,NA,206268.795,Soil
330,35.339717,-119.63083,5/17/18,2018,JT_Highway33,NA,1835442.67,Soil
331,35.339717,-119.63083,5/17/18,2018,JT_Highway33,NA,1547015.97,Soil
332,35.339717,-119.63083,5/17/18,2018,JT_Highway33,NA,917721.335,Soil
333,35.339717,-119.63083,5/17/18,2018,JT_Highway33,NA,106630.479,Soil
334,35.339717,-119.63083,5/17/18,2018,JT_Highway33,NA,395931.205,Soil
335,35.339717,-119.63083,5/17/18,2018,JT_Highway33,NA,378450.798,Soil
336,35.339717,-119.63083,5/17/18,2018,JT_Highway33,NA,83556.3425,Soil
337,35.339717,-119.63083,5/17/18,2018,JT_Highway33,NA,437010.16,Soil
338,35.339717,-119.63083,5/17/18,2018,JT_Highway33,NA,882760.522,Soil
339,35.339717,-119.63083,4/19/18,2018,JT_Highway33,NA,3670885.34,Soil
340,35.339717,-119.63083,4/19/18,2018,JT_Highway33,NA,4099155.3,Soil
341,35.339717,-119.63083,4/19/18,2018,JT_Highway33,NA,5121759.07,Soil
342,35.339717,-119.63083,4/19/18,2018,JT_Highway33,NA,3225134.98,Soil
343,35.339717,-119.63083,4/19/18,2018,JT_Highway33,NA,5296563.13,Soil
344,35.339717,-119.63083,4/19/18,2018,JT_Highway33,NA,3697105.95,Soil
345,35.339717,-119.63083,4/19/18,2018,JT_Highway33,NA,2761904.21,Soil
346,35.339717,-119.63083,4/19/18,2018,JT_Highway33,NA,2945448.48,Soil
347,35.339717,-119.63083,4/19/18,2018,JT_Highway33,NA,7079564.59,Soil
348,35.339717,-119.63083,4/19/18,2018,JT_Highway33,NA,5418925.98,Soil
349,35.339717,-119.63083,4/19/18,2018,JT_Highway33,NA,7166966.62,Soil
350,35.339717,-119.63083,4/19/18,2018,JT_Highway33,NA,8215791,Soil
351,35.339717,-119.63083,4/19/18,2018,JT_Highway33,NA,6467750.36,Soil
352,35.339717,-119.63083,4/19/18,2018,JT_Highway33,NA,7901143.69,Soil
353,35.339717,-119.63083,4/19/18,2018,JT_Highway33,NA,10051233.7,Soil
354,35.339717,-119.63083,4/19/18,2018,JT_Highway33,NA,4501204.64,Soil
355,35.339717,-119.63083,4/19/18,2018,JT_Highway33,NA,2910487.66,Soil
356,35.339717,-119.63083,4/19/18,2018,JT_Highway33,NA,2211271.41,Soil
357,35.339717,-119.63083,4/19/18,2018,JT_Highway33,NA,1940325.11,Soil
358,35.339717,-119.63083,4/19/18,2018,JT_Highway33,NA,3828209,Soil
359,35.339717,-119.63083,4/19/18,2018,JT_Highway33,NA,4815851.96,Soil
360,35.339717,-119.63083,4/19/18,2018,JT_Highway33,NA,4387582,Soil
361,35.339717,-119.63083,4/19/18,2018,JT_Highway33,NA,2779384.62,Soil
362,35.339717,-119.63083,4/19/18,2018,JT_Highway33,NA,2534658.93,Soil
363,35.339717,-119.63083,3/17/18,2018,JT_Highway33,NA,23423744.6,Soil
364,35.339717,-119.63083,3/17/18,2018,JT_Highway33,NA,29192278.7,Soil
365,35.339717,-119.63083,3/17/18,2018,JT_Highway33,NA,28405660.4,Soil
366,35.339717,-119.63083,3/17/18,2018,JT_Highway33,NA,27706444.1,Soil
367,35.339717,-119.63083,3/17/18,2018,JT_Highway33,NA,24472568.9,Soil
368,35.339717,-119.63083,3/17/18,2018,JT_Highway33,NA,25521393.3,Soil
369,35.339717,-119.63083,3/17/18,2018,JT_Highway33,NA,30940319.3,Soil
370,35.339717,-119.63083,3/17/18,2018,JT_Highway33,NA,27182031.9,Soil
371,35.339717,-119.63083,3/17/18,2018,JT_Highway33,NA,551506.821,Soil
372,35.339717,-119.63083,3/17/18,2018,JT_Highway33,NA,1066304.79,Soil
373,35.339717,-119.63083,3/17/18,2018,JT_Highway33,NA,1110005.81,Soil
374,35.339717,-119.63083,3/17/18,2018,JT_Highway33,NA,1468354.14,Soil
375,35.339717,-119.63083,3/17/18,2018,JT_Highway33,NA,663381.422,Soil
376,35.339717,-119.63083,3/17/18,2018,JT_Highway33,NA,756901.597,Soil
377,35.339717,-119.63083,3/17/18,2018,JT_Highway33,NA,1214888.24,Soil
378,35.339717,-119.63083,3/17/18,2018,JT_Highway33,NA,117118.723,Soil
379,35.339717,-119.63083,3/17/18,2018,JT_Highway33,NA,316395356,Soil
380,35.339717,-119.63083,3/17/18,2018,JT_Highway33,NA,298040929,Soil
381,35.339717,-119.63083,3/17/18,2018,JT_Highway33,NA,247347750,Soil
382,35.339717,-119.63083,3/17/18,2018,JT_Highway33,NA,287552685,Soil
383,35.339717,-119.63083,3/17/18,2018,JT_Highway33,NA,252591872,Soil
384,35.339717,-119.63083,3/17/18,2018,JT_Highway33,NA,262206096,Soil
385,35.339717,-119.63083,3/17/18,2018,JT_Highway33,NA,235111466,Soil
386,35.339717,-119.63083,3/17/18,2018,JT_Highway33,NA,237733527,Soil
387,35.339717,-119.63083,2/15/18,2018,JT_Highway33,NA,1503314.95,Soil
388,35.339717,-119.63083,2/15/18,2018,JT_Highway33,NA,926461.538,Soil
389,35.339717,-119.63083,2/15/18,2018,JT_Highway33,NA,1110005.81,Soil
390,35.339717,-119.63083,2/15/18,2018,JT_Highway33,NA,1066304.79,Soil
391,35.339717,-119.63083,2/15/18,2018,JT_Highway33,NA,1144966.62,Soil
392,35.339717,-119.63083,2/15/18,2018,JT_Highway33,NA,101386.357,Soil
393,35.339717,-119.63083,2/15/18,2018,JT_Highway33,NA,369710.595,Soil
394,35.339717,-119.63083,2/15/18,2018,JT_Highway33,NA,818083.019,Soil
395,35.339717,-119.63083,2/15/18,2018,JT_Highway33,NA,943941.945,Soil
396,35.339717,-119.63083,2/15/18,2018,JT_Highway33,NA,835563.425,Soil
397,35.339717,-119.63083,2/15/18,2018,JT_Highway33,NA,1337251.09,Soil
398,35.339717,-119.63083,2/15/18,2018,JT_Highway33,NA,639782.874,Soil
399,35.339717,-119.63083,2/15/18,2018,JT_Highway33,NA,1337251.09,Soil
400,35.339717,-119.63083,2/15/18,2018,JT_Highway33,NA,643278.955,Soil
401,35.339717,-119.63083,2/15/18,2018,JT_Highway33,NA,627546.589,Soil
402,35.339717,-119.63083,2/15/18,2018,JT_Highway33,NA,882760.522,Soil
403,35.339717,-119.63083,2/15/18,2018,JT_Highway33,NA,69484.6154,Soil
404,35.339717,-119.63083,2/15/18,2018,JT_Highway33,NA,97890.2758,Soil
405,35.339717,-119.63083,2/15/18,2018,JT_Highway33,NA,47284.4993,Soil
406,35.339717,-119.63083,2/15/18,2018,JT_Highway33,NA,614436.284,Soil
407,35.339717,-119.63083,1/18/18,2018,JT_Highway33,NA,603074.02,Soil
408,35.339717,-119.63083,1/18/18,2018,JT_Highway33,NA,305907.112,Soil
409,35.339717,-119.63083,1/18/18,2018,JT_Highway33,NA,617932.366,Soil
410,35.339717,-119.63083,1/18/18,2018,JT_Highway33,NA,641530.914,Soil
411,35.339717,-119.63083,1/18/18,2018,JT_Highway33,NA,645901.016,Soil
412,35.339717,-119.63083,1/18/18,2018,JT_Highway33,NA,484207.257,Soil
413,35.339717,-119.63083,1/18/18,2018,JT_Highway33,NA,242977.649,Soil
414,35.339717,-119.63083,1/18/18,2018,JT_Highway33,NA,191410.45,Soil
415,35.339717,-119.63083,1/18/18,2018,JT_Highway33,NA,275316.401,Soil
416,35.339717,-119.63083,1/18/18,2018,JT_Highway33,NA,658137.3,Soil
417,35.339717,-119.63083,1/18/18,2018,JT_Highway33,NA,503435.704,Soil
418,35.339717,-119.63083,1/18/18,2018,JT_Highway33,NA,224623.222,Soil
419,35.339717,-119.63083,1/18/18,2018,JT_Highway33,NA,187914.369,Soil
420,35.339717,-119.63083,1/18/18,2018,JT_Highway33,NA,80235.0653,Soil
421,35.339717,-119.63083,1/18/18,2018,JT_Highway33,NA,186166.328,Soil
422,35.339717,-119.63083,1/18/18,2018,JT_Highway33,NA,250843.832,Soil
423,35.339717,-119.63083,1/18/18,2018,JT_Highway33,NA,91772.1335,Soil
424,35.339717,-119.63083,12/14/17,2017,JT_Highway33,NA,305033.091,Soil
425,35.339717,-119.63083,12/14/17,2017,JT_Highway33,NA,237733.527,Soil
426,35.339717,-119.63083,12/14/17,2017,JT_Highway33,NA,987642.961,Soil
427,35.339717,-119.63083,12/14/17,2017,JT_Highway33,NA,653767.199,Soil
428,35.339717,-119.63083,12/14/17,2017,JT_Highway33,NA,371458.636,Soil
429,35.339717,-119.63083,12/14/17,2017,JT_Highway33,NA,277938.462,Soil
430,35.339717,-119.63083,12/14/17,2017,JT_Highway33,NA,752531.495,Soil
431,35.339717,-119.63083,12/14/17,2017,JT_Highway33,NA,155575.617,Soil
432,35.339717,-119.63083,12/14/17,2017,JT_Highway33,NA,58821.5675,Soil
433,35.339717,-119.63083,12/14/17,2017,JT_Highway33,NA,309403.193,Soil
434,35.339717,-119.63083,12/14/17,2017,JT_Highway33,NA,71844.4702,Soil
435,35.339717,-119.63083,12/14/17,2017,JT_Highway33,NA,325135.559,Soil
436,35.339717,-119.63083,12/14/17,2017,JT_Highway33,NA,215883.019,Soil
437,35.339717,-119.63083,12/14/17,2017,JT_Highway33,NA,109252.54,Soil
438,35.339717,-119.63083,12/14/17,2017,JT_Highway33,NA,60045.1959,Soil
439,35.339717,-119.63083,12/14/17,2017,JT_Highway33,NA,146835.414,Soil
440,35.339717,-119.63083,11/8/17,2017,JT_Highway33,NA,3321277.21,Soil
441,35.339717,-119.63083,11/8/17,2017,JT_Highway33,NA,2080168.36,Soil
442,35.339717,-119.63083,11/8/17,2017,JT_Highway33,NA,926461.538,Soil
443,35.339717,-119.63083,11/8/17,2017,JT_Highway33,NA,2237492.02,Soil
444,35.339717,-119.63083,11/8/17,2017,JT_Highway33,NA,5488847.61,Soil
445,35.339717,-119.63083,11/8/17,2017,JT_Highway33,NA,1852923.08,Soil
446,35.339717,-119.63083,11/8/17,2017,JT_Highway33,NA,2945448.48,Soil
447,35.339717,-119.63083,11/8/17,2017,JT_Highway33,NA,2796865.02,Soil
448,35.339717,-119.63083,11/8/17,2017,JT_Highway33,NA,448372.424,Soil
449,35.339717,-119.63083,11/8/17,2017,JT_Highway33,NA,693098.113,Soil
450,35.339717,-119.63083,11/8/17,2017,JT_Highway33,NA,520916.11,Soil
451,35.339717,-119.63083,11/8/17,2017,JT_Highway33,NA,249969.811,Soil
452,35.339717,-119.63083,11/8/17,2017,JT_Highway33,NA,404671.408,Soil
453,35.339717,-119.63083,11/8/17,2017,JT_Highway33,NA,128480.987,Soil
454,35.339717,-119.63083,11/8/17,2017,JT_Highway33,NA,311151.234,Soil
455,35.339717,-119.63083,11/8/17,2017,JT_Highway33,NA,559373.004,Soil
456,35.339717,-119.63083,11/8/17,2017,JT_Highway33,NA,274442.38,Soil
457,35.339717,-119.63083,11/8/17,2017,JT_Highway33,NA,93520.1742,Soil
458,35.339717,-119.63083,11/8/17,2017,JT_Highway33,NA,6581373,Soil
459,35.339717,-119.63083,11/8/17,2017,JT_Highway33,NA,5768534.11,Soil
460,35.339717,-119.63083,11/8/17,2017,JT_Highway33,NA,2281193.03,Soil
461,35.339717,-119.63083,11/8/17,2017,JT_Highway33,NA,3146473.15,Soil
462,35.339717,-119.63083,11/8/17,2017,JT_Highway33,NA,3268835.99,Soil
463,35.339717,-119.63083,11/8/17,2017,JT_Highway33,NA,3102772.13,Soil
464,35.339717,-119.63083,11/8/17,2017,JT_Highway33,NA,2246232.22,Soil
465,35.339717,-119.63083,11/8/17,2017,JT_Highway33,NA,2683242.38,Soil
466,35.339717,-119.63083,11/8/17,2017,JT_Highway33,NA,232489.405,Soil
467,35.339717,-119.63083,11/8/17,2017,JT_Highway33,NA,56024.7025,Soil
468,35.339717,-119.63083,11/8/17,2017,JT_Highway33,NA,264828.157,Soil
469,35.339717,-119.63083,11/8/17,2017,JT_Highway33,NA,485081.277,Soil
470,35.339717,-119.63083,11/8/17,2017,JT_Highway33,NA,861784.035,Soil
471,35.339717,-119.63083,11/8/17,2017,JT_Highway33,NA,310277.213,Soil
472,35.339717,-119.63083,11/8/17,2017,JT_Highway33,NA,935201.742,Soil
473,35.339717,-119.63083,11/8/17,2017,JT_Highway33,NA,532278.374,Soil
474,35.339717,-119.63083,11/8/17,2017,JT_Highway33,NA,1066304.79,Soil
475,35.339717,-119.63083,11/8/17,2017,JT_Highway33,NA,1066304.79,Soil
476,35.339717,-119.63083,11/8/17,2017,JT_Highway33,NA,517420.029,Soil
477,35.339717,-119.63083,11/8/17,2017,JT_Highway33,NA,209764.877,Soil
478,35.339717,-119.63083,11/8/17,2017,JT_Highway33,NA,115370.682,Soil
479,35.339717,-119.63083,11/8/17,2017,JT_Highway33,NA,61880.6386,Soil
480,35.339717,-119.63083,11/8/17,2017,JT_Highway33,NA,672121.626,Soil
481,35.339717,-119.63083,11/8/17,2017,JT_Highway33,NA,2001506.53,Soil
482,35.339717,-119.63083,11/8/17,2017,JT_Highway33,NA,3067811.32,Soil
483,35.339717,-119.63083,11/8/17,2017,JT_Highway33,NA,900240.929,Soil
484,35.339717,-119.63083,11/8/17,2017,JT_Highway33,NA,1704339.62,Soil
485,35.339717,-119.63083,11/8/17,2017,JT_Highway33,NA,1555756.17,Soil
486,35.339717,-119.63083,11/8/17,2017,JT_Highway33,NA,2202531.2,Soil
487,35.339717,-119.63083,11/8/17,2017,JT_Highway33,NA,2639541.36,Soil
488,35.339717,-119.63083,11/8/17,2017,JT_Highway33,NA,2220011.61,Soil
489,35.339717,-119.63083,11/8/17,2017,JT_Highway33,NA,131977.068,Soil
490,35.339717,-119.63083,11/8/17,2017,JT_Highway33,NA,77787.8084,Soil
491,35.474297,-119.72277,10/23/18,2018,JT_Highway33,NA,2578359.94,Soil
492,35.474297,-119.72277,10/23/18,2018,JT_Highway33,NA,1442133.53,Soil
493,35.474297,-119.72277,10/23/18,2018,JT_Highway33,NA,2272452.83,Soil
494,35.474297,-119.72277,10/23/18,2018,JT_Highway33,NA,1608197.39,Soil
495,35.474297,-119.72277,10/23/18,2018,JT_Highway33,NA,1896624.09,Soil
496,35.474297,-119.72277,10/23/18,2018,JT_Highway33,NA,1721820.03,Soil
497,35.474297,-119.72277,10/23/18,2018,JT_Highway33,NA,2132609.58,Soil
498,35.474297,-119.72277,10/23/18,2018,JT_Highway33,NA,796232.511,Soil
499,35.474297,-119.72277,8/23/18,2018,JT_Highway33,NA,177426.125,Soil
500,35.474297,-119.72277,8/23/18,2018,JT_Highway33,NA,4204037.74,Soil
501,35.474297,-119.72277,8/23/18,2018,JT_Highway33,NA,464104.79,Soil
502,35.474297,-119.72277,8/23/18,2018,JT_Highway33,NA,612688.244,Soil
503,35.474297,-119.72277,8/23/18,2018,JT_Highway33,NA,542766.618,Soil
504,35.474297,-119.72277,6/19/18,2018,JT_Highway33,NA,13809521,Soil
505,35.474297,-119.72277,6/19/18,2018,JT_Highway33,NA,11100058.1,Soil
506,35.474297,-119.72277,6/19/18,2018,JT_Highway33,NA,9701625.54,Soil
507,35.474297,-119.72277,6/19/18,2018,JT_Highway33,NA,9526821.48,Soil
508,35.474297,-119.72277,6/19/18,2018,JT_Highway33,NA,11974078.4,Soil
509,35.474297,-119.72277,6/19/18,2018,JT_Highway33,NA,12323686.5,Soil
510,35.474297,-119.72277,6/19/18,2018,JT_Highway33,NA,12935500.7,Soil
511,35.474297,-119.72277,6/19/18,2018,JT_Highway33,NA,15120551.5,Soil
512,35.474297,-119.72277,6/19/18,2018,JT_Highway33,NA,320765.457,Soil
513,35.474297,-119.72277,6/19/18,2018,JT_Highway33,NA,154701.597,Soil
514,35.474297,-119.72277,6/19/18,2018,JT_Highway33,NA,71232.656,Soil
515,35.474297,-119.72277,5/17/18,2018,JT_Highway33,NA,324261.538,Soil
516,35.474297,-119.72277,5/17/18,2018,JT_Highway33,NA,3050330.91,Soil
517,35.474297,-119.72277,5/17/18,2018,JT_Highway33,NA,3198914.37,Soil
518,35.474297,-119.72277,5/17/18,2018,JT_Highway33,NA,3024110.3,Soil
519,35.474297,-119.72277,5/17/18,2018,JT_Highway33,NA,1835442.67,Soil
520,35.474297,-119.72277,5/17/18,2018,JT_Highway33,NA,3592223.51,Soil
521,35.474297,-119.72277,5/17/18,2018,JT_Highway33,NA,2377335.27,Soil
522,35.474297,-119.72277,5/17/18,2018,JT_Highway33,NA,2062687.95,Soil
523,35.474297,-119.72277,5/17/18,2018,JT_Highway33,NA,2490957.91,Soil
524,35.474297,-119.72277,4/19/18,2018,JT_Highway33,NA,1101265.6,Soil
525,35.474297,-119.72277,4/19/18,2018,JT_Highway33,NA,506931.785,Soil
526,35.474297,-119.72277,4/19/18,2018,JT_Highway33,NA,304159.071,Soil
527,35.474297,-119.72277,4/19/18,2018,JT_Highway33,NA,561121.045,Soil
528,35.474297,-119.72277,4/19/18,2018,JT_Highway33,NA,996383.164,Soil
529,35.474297,-119.72277,4/19/18,2018,JT_Highway33,NA,2464737.3,Soil
530,35.474297,-119.72277,4/19/18,2018,JT_Highway33,NA,499065.602,Soil
531,35.474297,-119.72277,4/19/18,2018,JT_Highway33,NA,1092525.4,Soil
532,35.474297,-119.72277,3/17/18,2018,JT_Highway33,NA,1599457.18,Soil
533,35.474297,-119.72277,3/17/18,2018,JT_Highway33,NA,1415912.92,Soil
534,35.474297,-119.72277,3/17/18,2018,JT_Highway33,NA,591711.756,Soil
535,35.474297,-119.72277,3/17/18,2018,JT_Highway33,NA,1005123.37,Soil
536,35.474297,-119.72277,3/17/18,2018,JT_Highway33,NA,952682.148,Soil
537,35.474297,-119.72277,3/17/18,2018,JT_Highway33,NA,1512055.15,Soil
538,35.474297,-119.72277,3/17/18,2018,JT_Highway33,NA,2018986.94,Soil
539,35.474297,-119.72277,3/17/18,2018,JT_Highway33,NA,917721.335,Soil
540,35.474297,-119.72277,3/17/18,2018,JT_Highway33,NA,329505.66,Soil
541,35.474297,-119.72277,3/17/18,2018,JT_Highway33,NA,53140.4354,Soil
542,35.474297,-119.72277,3/17/18,2018,JT_Highway33,NA,430017.997,Soil
543,35.474297,-119.72277,3/17/18,2018,JT_Highway33,NA,389813.062,Soil
544,35.474297,-119.72277,2/15/18,2018,JT_Highway33,NA,891500.726,Soil
545,35.474297,-119.72277,2/15/18,2018,JT_Highway33,NA,172182.003,Soil
546,35.474297,-119.72277,2/15/18,2018,JT_Highway33,NA,1468354.14,Soil
547,35.474297,-119.72277,2/15/18,2018,JT_Highway33,NA,584719.594,Soil
548,35.474297,-119.72277,2/15/18,2018,JT_Highway33,NA,522664.151,Soil
549,35.474297,-119.72277,2/15/18,2018,JT_Highway33,NA,817208.999,Soil
550,35.474297,-119.72277,2/15/18,2018,JT_Highway33,NA,446624.383,Soil
551,35.474297,-119.72277,2/15/18,2018,JT_Highway33,NA,1013863.57,Soil
552,35.474297,-119.72277,1/18/18,2018,JT_Highway33,NA,157323.657,Soil
553,35.474297,-119.72277,1/18/18,2018,JT_Highway33,NA,267450.218,Soil
554,35.474297,-119.72277,12/14/17,2017,JT_Highway33,NA,1075044.99,Soil
555,35.474297,-119.72277,12/14/17,2017,JT_Highway33,NA,1835442.67,Soil
556,35.474297,-119.72277,12/14/17,2017,JT_Highway33,NA,1608197.39,Soil
557,35.474297,-119.72277,12/14/17,2017,JT_Highway33,NA,882760.522,Soil
558,35.474297,-119.72277,12/14/17,2017,JT_Highway33,NA,1319770.68,Soil
559,35.474297,-119.72277,12/14/17,2017,JT_Highway33,NA,1459613.93,Soil
560,35.474297,-119.72277,12/14/17,2017,JT_Highway33,NA,1040084.18,Soil
561,35.474297,-119.72277,12/14/17,2017,JT_Highway33,NA,1101265.6,Soil
562,35.474297,-119.72277,12/14/17,2017,JT_Highway33,NA,275316.401,Soil
563,35.474297,-119.72277,12/14/17,2017,JT_Highway33,NA,849547.75,Soil
564,35.474297,-119.72277,12/14/17,2017,JT_Highway33,NA,672121.626,Soil
565,35.474297,-119.72277,12/14/17,2017,JT_Highway33,NA,1188667.63,Soil
566,35.474297,-119.72277,12/14/17,2017,JT_Highway33,NA,572483.309,Soil
567,35.474297,-119.72277,12/14/17,2017,JT_Highway33,NA,1040084.18,Soil
568,35.474297,-119.72277,12/14/17,2017,JT_Highway33,NA,361844.412,Soil
569,35.474297,-119.72277,11/8/17,2017,JT_Highway33,NA,1450873.73,Soil
570,35.474297,-119.72277,11/8/17,2017,JT_Highway33,NA,81546.0958,Soil
571,35.474297,-119.72277,11/8/17,2017,JT_Highway33,NA,1494574.75,Soil
572,35.474297,-119.72277,11/8/17,2017,JT_Highway33,NA,315521.335,Soil
573,35.474297,-119.72277,11/8/17,2017,JT_Highway33,NA,519168.07,Soil
574,35.474297,-119.72277,11/8/17,2017,JT_Highway33,NA,523538.171,Soil
575,35.474297,-119.72277,11/8/17,2017,JT_Highway33,NA,1721820.03,Soil
576,35.474297,-119.72277,11/8/17,2017,JT_Highway33,NA,666877.504,Soil
577,35.570672,-119.82144,10/23/18,2018,JT_Highway33,NA,3915611.03,Soil
578,35.570672,-119.82144,10/23/18,2018,JT_Highway33,NA,4177817.13,Soil
579,35.570672,-119.82144,10/23/18,2018,JT_Highway33,NA,3242615.38,Soil
580,35.570672,-119.82144,10/23/18,2018,JT_Highway33,NA,5855936.14,Soil
581,35.570672,-119.82144,10/23/18,2018,JT_Highway33,NA,4335140.78,Soil
582,35.570672,-119.82144,10/23/18,2018,JT_Highway33,NA,5314043.54,Soil
583,35.570672,-119.82144,10/23/18,2018,JT_Highway33,NA,3382458.64,Soil
584,35.570672,-119.82144,10/23/18,2018,JT_Highway33,NA,3609703.92,Soil
585,35.570672,-119.82144,10/23/18,2018,JT_Highway33,NA,1005123.37,Soil
586,35.570672,-119.82144,10/23/18,2018,JT_Highway33,NA,1380952.1,Soil
587,35.570672,-119.82144,10/23/18,2018,JT_Highway33,NA,326883.599,Soil
588,35.570672,-119.82144,10/23/18,2018,JT_Highway33,NA,1284809.87,Soil
589,35.570672,-119.82144,10/23/18,2018,JT_Highway33,NA,2097648.77,Soil
590,35.570672,-119.82144,10/23/18,2018,JT_Highway33,NA,1547015.97,Soil
591,35.570672,-119.82144,10/23/18,2018,JT_Highway33,NA,2027727.14,Soil
592,35.570672,-119.82144,10/23/18,2018,JT_Highway33,NA,1267329.46,Soil
593,35.570672,-119.82144,9/23/18,2018,JT_Highway33,NA,39418.3164,Soil
594,35.570672,-119.82144,8/23/18,2018,JT_Highway33,NA,611814.224,Soil
595,35.570672,-119.82144,8/23/18,2018,JT_Highway33,NA,388065.022,Soil
596,35.570672,-119.82144,8/23/18,2018,JT_Highway33,NA,691350.073,Soil
597,35.570672,-119.82144,8/23/18,2018,JT_Highway33,NA,38719.1001,Soil
598,35.570672,-119.82144,8/23/18,2018,JT_Highway33,NA,4518685.05,Soil
599,35.570672,-119.82144,8/23/18,2018,JT_Highway33,NA,4894513.79,Soil
600,35.570672,-119.82144,8/23/18,2018,JT_Highway33,NA,4614827.29,Soil
601,35.570672,-119.82144,8/23/18,2018,JT_Highway33,NA,4536165.46,Soil
602,35.570672,-119.82144,8/23/18,2018,JT_Highway33,NA,4483724.24,Soil
603,35.570672,-119.82144,8/23/18,2018,JT_Highway33,NA,7184447.02,Soil
604,35.570672,-119.82144,8/23/18,2018,JT_Highway33,NA,11362264.2,Soil
605,35.570672,-119.82144,8/23/18,2018,JT_Highway33,NA,3452380.26,Soil
606,35.570672,-119.82144,7/25/18,2018,JT_Highway33,NA,790988.389,Soil
607,35.570672,-119.82144,7/25/18,2018,JT_Highway33,NA,943941.945,Soil
608,35.570672,-119.82144,7/25/18,2018,JT_Highway33,NA,1110005.81,Soil
609,35.570672,-119.82144,7/25/18,2018,JT_Highway33,NA,453616.546,Soil
610,35.570672,-119.82144,7/25/18,2018,JT_Highway33,NA,1031343.98,Soil
611,35.570672,-119.82144,7/25/18,2018,JT_Highway33,NA,1512055.15,Soil
612,35.570672,-119.82144,7/25/18,2018,JT_Highway33,NA,803224.673,Soil
613,35.570672,-119.82144,7/25/18,2018,JT_Highway33,NA,978902.758,Soil
614,35.570672,-119.82144,7/25/18,2018,JT_Highway33,NA,3793248.19,Soil
615,35.570672,-119.82144,7/25/18,2018,JT_Highway33,NA,3557262.7,Soil
616,35.570672,-119.82144,7/25/18,2018,JT_Highway33,NA,2018986.94,Soil
617,35.570672,-119.82144,7/25/18,2018,JT_Highway33,NA,1450873.73,Soil
618,35.570672,-119.82144,7/25/18,2018,JT_Highway33,NA,2053947.75,Soil
619,35.570672,-119.82144,7/25/18,2018,JT_Highway33,NA,1651898.4,Soil
620,35.570672,-119.82144,7/25/18,2018,JT_Highway33,NA,3635924.53,Soil
621,35.570672,-119.82144,7/25/18,2018,JT_Highway33,NA,3933091.44,Soil
622,35.570672,-119.82144,7/25/18,2018,JT_Highway33,NA,1503314.95,Soil
623,35.570672,-119.82144,7/25/18,2018,JT_Highway33,NA,200150.653,Soil
624,35.570672,-119.82144,7/25/18,2018,JT_Highway33,NA,304159.071,Soil
625,35.570672,-119.82144,7/25/18,2018,JT_Highway33,NA,60394.8041,Soil
626,35.570672,-119.82144,7/25/18,2018,JT_Highway33,NA,926461.538,Soil
627,35.570672,-119.82144,7/25/18,2018,JT_Highway33,NA,807594.775,Soil
628,35.570672,-119.82144,7/25/18,2018,JT_Highway33,NA,271820.319,Soil
629,35.570672,-119.82144,6/19/18,2018,JT_Highway33,NA,373206.676,Soil
630,35.570672,-119.82144,6/19/18,2018,JT_Highway33,NA,359222.351,Soil
631,35.570672,-119.82144,6/19/18,2018,JT_Highway33,NA,438758.2,Soil
632,35.570672,-119.82144,6/19/18,2018,JT_Highway33,NA,96142.2351,Soil
633,35.570672,-119.82144,6/19/18,2018,JT_Highway33,NA,291922.787,Soil
634,35.570672,-119.82144,6/19/18,2018,JT_Highway33,NA,476341.074,Soil
635,35.570672,-119.82144,6/19/18,2018,JT_Highway33,NA,723688.824,Soil
636,35.570672,-119.82144,6/19/18,2018,JT_Highway33,NA,98764.2961,Soil
637,35.570672,-119.82144,6/19/18,2018,JT_Highway33,NA,334749.782,Soil
638,35.570672,-119.82144,5/17/18,2018,JT_Highway33,NA,56636.5167,Soil
639,35.570672,-119.82144,5/17/18,2018,JT_Highway33,NA,54276.6618,Soil
640,35.570672,-119.82144,5/17/18,2018,JT_Highway33,NA,281434.543,Soil
641,35.570672,-119.82144,5/17/18,2018,JT_Highway33,NA,2901747.46,Soil
642,35.570672,-119.82144,5/17/18,2018,JT_Highway33,NA,1345991.29,Soil
643,35.570672,-119.82144,4/19/18,2018,JT_Highway33,NA,90024.0929,Soil
644,35.570672,-119.82144,3/17/18,2018,JT_Highway33,NA,127606.967,Soil
645,35.570672,-119.82144,3/17/18,2018,JT_Highway33,NA,1101265.6,Soil
646,35.570672,-119.82144,3/17/18,2018,JT_Highway33,NA,289300.726,Soil
647,35.570672,-119.82144,3/17/18,2018,JT_Highway33,NA,181796.226,Soil
648,35.570672,-119.82144,3/17/18,2018,JT_Highway33,NA,1075044.99,Soil
649,35.570672,-119.82144,3/17/18,2018,JT_Highway33,NA,307655.152,Soil
650,35.570672,-119.82144,3/17/18,2018,JT_Highway33,NA,129355.007,Soil
651,35.570672,-119.82144,3/17/18,2018,JT_Highway33,NA,353104.209,Soil
652,35.570672,-119.82144,3/17/18,2018,JT_Highway33,NA,541018.578,Soil
653,35.570672,-119.82144,3/17/18,2018,JT_Highway33,NA,522664.151,Soil
654,35.570672,-119.82144,3/17/18,2018,JT_Highway33,NA,827697.242,Soil
655,35.570672,-119.82144,3/17/18,2018,JT_Highway33,NA,499065.602,Soil
656,35.570672,-119.82144,3/17/18,2018,JT_Highway33,NA,693972.134,Soil
657,35.570672,-119.82144,2/15/18,2018,JT_Highway33,NA,354852.25,Soil
658,35.570672,-119.82144,2/15/18,2018,JT_Highway33,NA,839059.507,Soil
659,35.570672,-119.82144,2/15/18,2018,JT_Highway33,NA,365340.493,Soil
660,35.570672,-119.82144,2/15/18,2018,JT_Highway33,NA,872272.279,Soil
661,35.570672,-119.82144,2/15/18,2018,JT_Highway33,NA,844303.628,Soil
662,35.570672,-119.82144,2/15/18,2018,JT_Highway33,NA,1101265.6,Soil
663,35.570672,-119.82144,2/15/18,2018,JT_Highway33,NA,773507.983,Soil
664,35.570672,-119.82144,2/15/18,2018,JT_Highway33,NA,1092525.4,Soil
665,35.570672,-119.82144,2/15/18,2018,JT_Highway33,NA,460608.708,Soil
666,35.570672,-119.82144,2/15/18,2018,JT_Highway33,NA,67299.5646,Soil
667,35.570672,-119.82144,1/18/18,2018,JT_Highway33,NA,462356.749,Soil
668,35.570672,-119.82144,1/18/18,2018,JT_Highway33,NA,390687.083,Soil
669,35.570672,-119.82144,1/18/18,2018,JT_Highway33,NA,444002.322,Soil
670,35.570672,-119.82144,1/18/18,2018,JT_Highway33,NA,1590716.98,Soil
671,35.570672,-119.82144,1/18/18,2018,JT_Highway33,NA,707956.459,Soil
672,35.570672,-119.82144,1/18/18,2018,JT_Highway33,NA,1415912.92,Soil
673,35.570672,-119.82144,1/18/18,2018,JT_Highway33,NA,1581976.78,Soil
674,35.570672,-119.82144,1/18/18,2018,JT_Highway33,NA,1022603.77,Soil
675,35.570672,-119.82144,11/8/17,2017,JT_Highway33,NA,1721820.03,Soil
676,35.570672,-119.82144,11/8/17,2017,JT_Highway33,NA,1354731.49,Soil
677,35.570672,-119.82144,11/8/17,2017,JT_Highway33,NA,2595840.35,Soil
678,35.570672,-119.82144,11/8/17,2017,JT_Highway33,NA,882760.522,Soil
679,35.570672,-119.82144,11/8/17,2017,JT_Highway33,NA,1276069.67,Soil
680,35.570672,-119.82144,11/8/17,2017,JT_Highway33,NA,1450873.73,Soil
681,35.570672,-119.82144,11/8/17,2017,JT_Highway33,NA,842555.588,Soil
682,35.570672,-119.82144,11/8/17,2017,JT_Highway33,NA,1835442.67,Soil
683,35.570672,-119.82144,11/8/17,2017,JT_Highway33,NA,54101857.8,Soil
684,35.570672,-119.82144,11/8/17,2017,JT_Highway33,NA,48945137.9,Soil
685,35.570672,-119.82144,11/8/17,2017,JT_Highway33,NA,38806502.2,Soil
686,35.570672,-119.82144,11/8/17,2017,JT_Highway33,NA,39418316.4,Soil
687,35.570672,-119.82144,11/8/17,2017,JT_Highway33,NA,55500290.3,Soil
688,35.570672,-119.82144,11/8/17,2017,JT_Highway33,NA,42564789.6,Soil
689,35.570672,-119.82144,11/8/17,2017,JT_Highway33,NA,53402641.5,Soil
690,35.570672,-119.82144,11/8/17,2017,JT_Highway33,NA,47983715.5,Soil
691,35.570672,-119.82144,11/8/17,2017,JT_Highway33,NA,1214888.24,Soil
692,35.570672,-119.82144,11/8/17,2017,JT_Highway33,NA,225497.242,Soil
693,35.570672,-119.82144,11/8/17,2017,JT_Highway33,NA,701838.316,Soil
694,35.570672,-119.82144,11/8/17,2017,JT_Highway33,NA,1040084.18,Soil
695,35.570672,-119.82144,11/8/17,2017,JT_Highway33,NA,759523.657,Soil
696,35.570672,-119.82144,11/8/17,2017,JT_Highway33,NA,120614.804,Soil
697,35.570672,-119.82144,11/8/17,2017,JT_Highway33,NA,479837.155,Soil
698,35.570672,-119.82144,11/8/17,2017,JT_Highway33,NA,891500.726,Soil
699,35.570672,-119.82144,11/8/17,2017,JT_Highway33,NA,182670.247,Soil
700,35.570672,-119.82144,11/8/17,2017,JT_Highway33,NA,847799.71,Soil
701,35.570672,-119.82144,11/8/17,2017,JT_Highway33,NA,272694.34,Soil
702,35.570672,-119.82144,11/8/17,2017,JT_Highway33,NA,85216.9811,Soil
703,35.570672,-119.82144,11/8/17,2017,JT_Highway33,NA,242103.628,Soil
704,35.570672,-119.82144,11/8/17,2017,JT_Highway33,NA,383694.92,Soil
705,35.570672,-119.82144,11/8/17,2017,JT_Highway33,NA,752531.495,Soil
706,35.570672,-119.82144,11/8/17,2017,JT_Highway33,NA,126732.946,Soil
707,35.570672,-119.82144,11/8/17,2017,JT_Highway33,NA,672121.626,Soil
708,35.570672,-119.82144,11/8/17,2017,JT_Highway33,NA,882760.522,Soil
709,35.570672,-119.82144,11/8/17,2017,JT_Highway33,NA,686979.971,Soil
710,35.570672,-119.82144,11/8/17,2017,JT_Highway33,NA,191410.45,Soil
711,35.570672,-119.82144,11/8/17,2017,JT_Highway33,NA,193158.491,Soil
712,35.570672,-119.82144,11/8/17,2017,JT_Highway33,NA,817208.999,Soil
713,35.570672,-119.82144,11/8/17,2017,JT_Highway33,NA,834689.405,Soil
714,35.570672,-119.82144,11/8/17,2017,JT_Highway33,NA,1319770.68,Soil
715,35.570672,-119.82144,11/8/17,2017,JT_Highway33,NA,2604580.55,Soil
716,35.570672,-119.82144,11/8/17,2017,JT_Highway33,NA,2158830.19,Soil
717,35.570672,-119.82144,11/8/17,2017,JT_Highway33,NA,900240.929,Soil
718,35.570672,-119.82144,11/8/17,2017,JT_Highway33,NA,2316153.85,Soil
719,35.570672,-119.82144,11/8/17,2017,JT_Highway33,NA,2630801.16,Soil
720,35.795795,-119.98771,10/23/18,2018,JT_Highway33,NA,94394.1945,Soil
721,35.795795,-119.98771,10/23/18,2018,JT_Highway33,NA,43875.82,Soil
722,35.795795,-119.98771,10/23/18,2018,JT_Highway33,NA,455364.586,Soil
723,35.795795,-119.98771,10/23/18,2018,JT_Highway33,NA,1415912.92,Soil
724,35.795795,-119.98771,10/23/18,2018,JT_Highway33,NA,34261.5965,Soil
725,35.795795,-119.98771,10/23/18,2018,JT_Highway33,NA,54189.2598,Soil
726,35.795795,-119.98771,10/23/18,2018,JT_Highway33,NA,891500.726,Soil
727,35.795795,-119.98771,10/23/18,2018,JT_Highway33,NA,511301.887,Soil
728,35.795795,-119.98771,10/23/18,2018,JT_Highway33,NA,978902.758,Soil
729,35.795795,-119.98771,10/23/18,2018,JT_Highway33,NA,47197.0972,Soil
730,35.795795,-119.98771,10/23/18,2018,JT_Highway33,NA,1267329.46,Soil
731,35.795795,-119.98771,10/23/18,2018,JT_Highway33,NA,50430.9724,Soil
732,35.795795,-119.98771,10/23/18,2018,JT_Highway33,NA,72106.6763,Soil
733,35.795795,-119.98771,10/23/18,2018,JT_Highway33,NA,79448.447,Soil
734,35.795795,-119.98771,10/23/18,2018,JT_Highway33,NA,1118746.01,Soil
735,35.795795,-119.98771,10/23/18,2018,JT_Highway33,NA,860035.994,Soil
736,35.795795,-119.98771,10/23/18,2018,JT_Highway33,NA,423899.855,Soil
737,35.795795,-119.98771,10/23/18,2018,JT_Highway33,NA,10750.4499,Soil
738,35.795795,-119.98771,10/23/18,2018,JT_Highway33,NA,8565.39913,Soil
739,35.795795,-119.98771,10/23/18,2018,JT_Highway33,NA,160819.739,Soil
740,35.795795,-119.98771,10/23/18,2018,JT_Highway33,NA,6546.41219,Soil
741,35.795795,-119.98771,8/23/18,2018,JT_Highway33,NA,374954.717,Soil
742,35.795795,-119.98771,8/23/18,2018,JT_Highway33,NA,221127.141,Soil
743,35.795795,-119.98771,8/23/18,2018,JT_Highway33,NA,143339.332,Soil
744,35.795795,-119.98771,8/23/18,2018,JT_Highway33,NA,413411.611,Soil
745,35.795795,-119.98771,8/23/18,2018,JT_Highway33,NA,222001.161,Soil
746,35.795795,-119.98771,8/23/18,2018,JT_Highway33,NA,1512055.15,Soil
747,35.795795,-119.98771,8/23/18,2018,JT_Highway33,NA,395931.205,Soil
748,35.795795,-119.98771,8/23/18,2018,JT_Highway33,NA,159945.718,Soil
749,35.795795,-119.98771,8/23/18,2018,JT_Highway33,NA,236859.507,Soil
750,35.795795,-119.98771,8/23/18,2018,JT_Highway33,NA,202772.714,Soil
751,35.795795,-119.98771,8/23/18,2018,JT_Highway33,NA,199276.633,Soil
752,35.795795,-119.98771,8/23/18,2018,JT_Highway33,NA,566365.167,Soil
753,35.795795,-119.98771,8/23/18,2018,JT_Highway33,NA,210638.897,Soil
754,35.795795,-119.98771,8/23/18,2018,JT_Highway33,NA,187914.369,Soil
755,35.795795,-119.98771,8/23/18,2018,JT_Highway33,NA,493821.48,Soil
756,35.795795,-119.98771,8/23/18,2018,JT_Highway33,NA,908981.132,Soil
757,35.795795,-119.98771,8/23/18,2018,JT_Highway33,NA,263954.136,Soil
758,35.795795,-119.98771,7/25/18,2018,JT_Highway33,NA,402923.367,Soil
759,35.795795,-119.98771,7/25/18,2018,JT_Highway33,NA,187914.369,Soil
760,35.795795,-119.98771,7/25/18,2018,JT_Highway33,NA,1162447.02,Soil
761,35.795795,-119.98771,7/25/18,2018,JT_Highway33,NA,1739300.44,Soil
762,35.795795,-119.98771,7/25/18,2018,JT_Highway33,NA,1284809.87,Soil
763,35.795795,-119.98771,7/25/18,2018,JT_Highway33,NA,1389692.31,Soil
764,35.795795,-119.98771,7/25/18,2018,JT_Highway33,NA,2036467.34,Soil
765,35.795795,-119.98771,7/25/18,2018,JT_Highway33,NA,1398432.51,Soil
766,35.795795,-119.98771,7/25/18,2018,JT_Highway33,NA,1442133.53,Soil
767,35.795795,-119.98771,7/25/18,2018,JT_Highway33,NA,1258589.26,Soil
768,35.795795,-119.98771,6/19/18,2018,JT_Highway33,NA,824201.161,Soil
769,35.795795,-119.98771,6/19/18,2018,JT_Highway33,NA,305907.112,Soil
770,35.795795,-119.98771,6/19/18,2018,JT_Highway33,NA,683483.89,Soil
771,35.795795,-119.98771,6/19/18,2018,JT_Highway33,NA,452742.525,Soil
772,35.795795,-119.98771,6/19/18,2018,JT_Highway33,NA,672995.646,Soil
773,35.795795,-119.98771,6/19/18,2018,JT_Highway33,NA,667751.524,Soil
774,35.795795,-119.98771,6/19/18,2018,JT_Highway33,NA,344364.006,Soil
775,35.795795,-119.98771,6/19/18,2018,JT_Highway33,NA,1101265.6,Soil
776,35.795795,-119.98771,5/17/18,2018,JT_Highway33,NA,5139239.48,Soil
777,35.795795,-119.98771,5/17/18,2018,JT_Highway33,NA,5969558.78,Soil
778,35.795795,-119.98771,5/17/18,2018,JT_Highway33,NA,3627184.33,Soil
779,35.795795,-119.98771,5/17/18,2018,JT_Highway33,NA,7280589.26,Soil
780,35.795795,-119.98771,5/17/18,2018,JT_Highway33,NA,3976792.45,Soil
781,35.795795,-119.98771,5/17/18,2018,JT_Highway33,NA,5777274.31,Soil
782,35.795795,-119.98771,5/17/18,2018,JT_Highway33,NA,3382458.64,Soil
783,35.795795,-119.98771,5/17/18,2018,JT_Highway33,NA,4326400.58,Soil
784,35.795795,-119.98771,4/19/18,2018,JT_Highway33,NA,579475.472,Soil
785,35.795795,-119.98771,4/19/18,2018,JT_Highway33,NA,663381.422,Soil
786,35.795795,-119.98771,4/19/18,2018,JT_Highway33,NA,1223628.45,Soil
787,35.795795,-119.98771,4/19/18,2018,JT_Highway33,NA,427395.936,Soil
788,35.795795,-119.98771,4/19/18,2018,JT_Highway33,NA,860910.015,Soil
789,35.795795,-119.98771,4/19/18,2018,JT_Highway33,NA,1721820.03,Soil
790,35.795795,-119.98771,4/19/18,2018,JT_Highway33,NA,241229.608,Soil
791,35.795795,-119.98771,4/19/18,2018,JT_Highway33,NA,827697.242,Soil
792,35.795795,-119.98771,4/19/18,2018,JT_Highway33,NA,417781.713,Soil
793,35.795795,-119.98771,4/19/18,2018,JT_Highway33,NA,771759.942,Soil
794,35.795795,-119.98771,4/19/18,2018,JT_Highway33,NA,1669378.81,Soil
795,35.795795,-119.98771,4/19/18,2018,JT_Highway33,NA,312899.274,Soil
796,35.795795,-119.98771,4/19/18,2018,JT_Highway33,NA,81546.0958,Soil
797,35.795795,-119.98771,4/19/18,2018,JT_Highway33,NA,344364.006,Soil
798,35.795795,-119.98771,3/17/18,2018,JT_Highway33,NA,5488847.61,Soil
799,35.795795,-119.98771,3/17/18,2018,JT_Highway33,NA,5925857.76,Soil
800,35.795795,-119.98771,3/17/18,2018,JT_Highway33,NA,4387582,Soil
801,35.795795,-119.98771,3/17/18,2018,JT_Highway33,NA,6869799.71,Soil
802,35.795795,-119.98771,3/17/18,2018,JT_Highway33,NA,5873416.55,Soil
803,35.795795,-119.98771,3/17/18,2018,JT_Highway33,NA,7123265.6,Soil
804,35.795795,-119.98771,3/17/18,2018,JT_Highway33,NA,5156719.88,Soil
805,35.795795,-119.98771,3/17/18,2018,JT_Highway33,NA,4632307.69,Soil
806,35.795795,-119.98771,3/17/18,2018,JT_Highway33,NA,31377329.5,Soil
807,35.795795,-119.98771,3/17/18,2018,JT_Highway33,NA,21937910,Soil
808,35.795795,-119.98771,3/17/18,2018,JT_Highway33,NA,28230856.3,Soil
809,35.795795,-119.98771,3/17/18,2018,JT_Highway33,NA,28580464.4,Soil
810,35.795795,-119.98771,3/17/18,2018,JT_Highway33,NA,21063889.7,Soil
811,35.795795,-119.98771,3/17/18,2018,JT_Highway33,NA,25696197.4,Soil
812,35.795795,-119.98771,3/17/18,2018,JT_Highway33,NA,27968650.2,Soil
813,35.795795,-119.98771,3/17/18,2018,JT_Highway33,NA,26482815.7,Soil
814,35.795795,-119.98771,3/17/18,2018,JT_Highway33,NA,2482217.71,Soil
815,35.795795,-119.98771,3/17/18,2018,JT_Highway33,NA,3478600.87,Soil
816,35.795795,-119.98771,3/17/18,2018,JT_Highway33,NA,1905364.3,Soil
817,35.795795,-119.98771,3/17/18,2018,JT_Highway33,NA,2552139.33,Soil
818,35.795795,-119.98771,3/17/18,2018,JT_Highway33,NA,2132609.58,Soil
819,35.795795,-119.98771,3/17/18,2018,JT_Highway33,NA,2289933.24,Soil
820,35.795795,-119.98771,3/17/18,2018,JT_Highway33,NA,2053947.75,Soil
821,35.795795,-119.98771,3/17/18,2018,JT_Highway33,NA,2910487.66,Soil
822,35.795795,-119.98771,2/15/18,2018,JT_Highway33,NA,431766.038,Soil
823,35.795795,-119.98771,2/15/18,2018,JT_Highway33,NA,190536.43,Soil
824,35.795795,-119.98771,2/15/18,2018,JT_Highway33,NA,43875.82,Soil
825,35.795795,-119.98771,2/15/18,2018,JT_Highway33,NA,367962.554,Soil
826,35.795795,-119.98771,2/15/18,2018,JT_Highway33,NA,335623.803,Soil
827,35.795795,-119.98771,2/15/18,2018,JT_Highway33,NA,90024.0929,Soil
828,35.795795,-119.98771,2/15/18,2018,JT_Highway33,NA,3758287.37,Soil
829,35.795795,-119.98771,2/15/18,2018,JT_Highway33,NA,3478600.87,Soil
830,35.795795,-119.98771,2/15/18,2018,JT_Highway33,NA,4553645.86,Soil
831,35.795795,-119.98771,2/15/18,2018,JT_Highway33,NA,4614827.29,Soil
832,35.795795,-119.98771,2/15/18,2018,JT_Highway33,NA,3688365.75,Soil
833,35.795795,-119.98771,2/15/18,2018,JT_Highway33,NA,3600963.72,Soil
834,35.795795,-119.98771,2/15/18,2018,JT_Highway33,NA,4990656.02,Soil
835,35.795795,-119.98771,2/15/18,2018,JT_Highway33,NA,5401445.57,Soil
836,35.795795,-119.98771,2/15/18,2018,JT_Highway33,NA,4125375.91,Soil
837,35.795795,-119.98771,2/15/18,2018,JT_Highway33,NA,2018986.94,Soil
838,35.795795,-119.98771,2/15/18,2018,JT_Highway33,NA,4204037.74,Soil
839,35.795795,-119.98771,2/15/18,2018,JT_Highway33,NA,4474984.03,Soil
840,35.795795,-119.98771,2/15/18,2018,JT_Highway33,NA,3705846.15,Soil
841,35.795795,-119.98771,2/15/18,2018,JT_Highway33,NA,3644664.73,Soil
842,35.795795,-119.98771,2/15/18,2018,JT_Highway33,NA,4134116.11,Soil
843,35.795795,-119.98771,2/15/18,2018,JT_Highway33,NA,2045207.55,Soil
844,35.795795,-119.98771,12/14/17,2017,JT_Highway33,NA,5130499.27,Soil
845,35.795795,-119.98771,12/14/17,2017,JT_Highway33,NA,3670885.34,Soil
846,35.795795,-119.98771,12/14/17,2017,JT_Highway33,NA,3784507.98,Soil
847,35.795795,-119.98771,12/14/17,2017,JT_Highway33,NA,3609703.92,Soil
848,35.795795,-119.98771,12/14/17,2017,JT_Highway33,NA,4291439.77,Soil
849,35.795795,-119.98771,12/14/17,2017,JT_Highway33,NA,3277576.2,Soil
850,35.795795,-119.98771,12/14/17,2017,JT_Highway33,NA,4798371.55,Soil
851,35.795795,-119.98771,12/14/17,2017,JT_Highway33,NA,3085291.73,Soil
852,35.795795,-119.98771,12/14/17,2017,JT_Highway33,NA,5506328.01,Soil
853,35.795795,-119.98771,12/14/17,2017,JT_Highway33,NA,3871910.01,Soil
854,35.795795,-119.98771,12/14/17,2017,JT_Highway33,NA,4710969.52,Soil
855,35.795795,-119.98771,12/14/17,2017,JT_Highway33,NA,4003013.06,Soil
856,35.795795,-119.98771,12/14/17,2017,JT_Highway33,NA,5034357.04,Soil
857,35.795795,-119.98771,12/14/17,2017,JT_Highway33,NA,5349004.35,Soil
858,35.795795,-119.98771,12/14/17,2017,JT_Highway33,NA,5462627,Soil
859,35.795795,-119.98771,12/14/17,2017,JT_Highway33,NA,4676008.71,Soil
860,35.795795,-119.98771,12/14/17,2017,JT_Highway33,NA,684357.91,Soil
861,35.795795,-119.98771,12/14/17,2017,JT_Highway33,NA,395931.205,Soil
862,35.795795,-119.98771,12/14/17,2017,JT_Highway33,NA,203646.734,Soil
863,35.795795,-119.98771,11/8/17,2017,JT_Highway33,NA,697468.215,Soil
864,35.795795,-119.98771,11/8/17,2017,JT_Highway33,NA,820705.08,Soil
865,35.795795,-119.98771,11/8/17,2017,JT_Highway33,NA,1407172.71,Soil
866,35.795795,-119.98771,11/8/17,2017,JT_Highway33,NA,1468354.14,Soil
867,35.795795,-119.98771,11/8/17,2017,JT_Highway33,NA,846051.669,Soil
868,35.795795,-119.98771,11/8/17,2017,JT_Highway33,NA,504309.724,Soil
869,35.795795,-119.98771,11/8/17,2017,JT_Highway33,NA,1267329.46,Soil
870,35.795795,-119.98771,11/8/17,2017,JT_Highway33,NA,1319770.68,Soil
871,35.795795,-119.98771,11/8/17,2017,JT_Highway33,NA,429143.977,Soil
872,35.795795,-119.98771,11/8/17,2017,JT_Highway33,NA,620554.427,Soil
873,35.795795,-119.98771,11/8/17,2017,JT_Highway33,NA,345238.026,Soil
874,35.795795,-119.98771,11/8/17,2017,JT_Highway33,NA,565491.147,Soil
875,35.795795,-119.98771,11/8/17,2017,JT_Highway33,NA,1092525.4,Soil
876,35.795795,-119.98771,11/8/17,2017,JT_Highway33,NA,391561.103,Soil
877,35.795795,-119.98771,11/8/17,2017,JT_Highway33,NA,1345991.29,Soil
878,35.795795,-119.98771,11/8/17,2017,JT_Highway33,NA,1101265.6,Soil
879,35.795795,-119.98771,11/8/17,2017,JT_Highway33,NA,312899.274,Soil
880,35.795795,-119.98771,11/8/17,2017,JT_Highway33,NA,496443.541,Soil
881,35.795795,-119.98771,11/8/17,2017,JT_Highway33,NA,1669378.81,Soil
882,35.795795,-119.98771,11/8/17,2017,JT_Highway33,NA,987642.961,Soil
883,35.795795,-119.98771,11/8/17,2017,JT_Highway33,NA,1678119.01,Soil
884,35.795795,-119.98771,11/8/17,2017,JT_Highway33,NA,1241108.85,Soil
885,35.795795,-119.98771,11/8/17,2017,JT_Highway33,NA,1101265.6,Soil
886,35.795795,-119.98771,11/8/17,2017,JT_Highway33,NA,191410.45,Soil
887,35.795795,-119.98771,11/8/17,2017,JT_Highway33,NA,2263712.63,Soil
888,35.795795,-119.98771,11/8/17,2017,JT_Highway33,NA,1852923.08,Soil
889,35.795795,-119.98771,11/8/17,2017,JT_Highway33,NA,4169076.92,Soil
890,35.795795,-119.98771,11/8/17,2017,JT_Highway33,NA,1783001.45,Soil
891,35.795795,-119.98771,11/8/17,2017,JT_Highway33,NA,1713079.83,Soil
892,35.795795,-119.98771,11/8/17,2017,JT_Highway33,NA,2997889.7,Soil
893,35.795795,-119.98771,11/8/17,2017,JT_Highway33,NA,2997889.7,Soil
894,35.795795,-119.98771,11/8/17,2017,JT_Highway33,NA,1407172.71,Soil
895,35.795795,-119.98771,11/8/17,2017,JT_Highway33,NA,254339.913,Soil
896,35.795795,-119.98771,11/8/17,2017,JT_Highway33,NA,562869.086,Soil
897,35.795795,-119.98771,11/8/17,2017,JT_Highway33,NA,291922.787,Soil
898,35.795795,-119.98771,11/8/17,2017,JT_Highway33,NA,1459613.93,Soil
899,35.795795,-119.98771,11/8/17,2017,JT_Highway33,NA,1197407.84,Soil
900,35.795795,-119.98771,11/8/17,2017,JT_Highway33,NA,554128.882,Soil
901,35.795795,-119.98771,11/8/17,2017,JT_Highway33,NA,93520.1742,Soil
902,35.795795,-119.98771,11/8/17,2017,JT_Highway33,NA,792736.43,Soil
903,35.795795,-119.98771,11/8/17,2017,JT_Highway33,NA,1616937.59,Soil
904,35.795795,-119.98771,11/8/17,2017,JT_Highway33,NA,1127486.21,Soil
905,35.795795,-119.98771,11/8/17,2017,JT_Highway33,NA,340867.925,Soil
906,35.795795,-119.98771,11/8/17,2017,JT_Highway33,NA,689602.032,Soil
907,35.795795,-119.98771,11/8/17,2017,JT_Highway33,NA,483333.237,Soil
908,35.795795,-119.98771,11/8/17,2017,JT_Highway33,NA,267450.218,Soil
909,35.795795,-119.98771,11/8/17,2017,JT_Highway33,NA,645901.016,Soil
910,35.795795,-119.98771,11/8/17,2017,JT_Highway33,NA,291048.766,Soil
911,35.795795,-119.98771,11/8/17,2017,JT_Highway33,NA,1153706.82,Soil
912,35.795795,-119.98771,11/8/17,2017,JT_Highway33,NA,996383.164,Soil
913,35.795795,-119.98771,11/8/17,2017,JT_Highway33,NA,74641.3353,Soil
914,35.795795,-119.98771,11/8/17,2017,JT_Highway33,NA,64939.7097,Soil
915,35.795795,-119.98771,11/8/17,2017,JT_Highway33,NA,771759.942,Soil
916,35.795795,-119.98771,11/8/17,2017,JT_Highway33,NA,514797.968,Soil
917,35.795795,-119.98771,11/8/17,2017,JT_Highway33,NA,255213.933,Soil
918,35.795795,-119.98771,11/8/17,2017,JT_Highway33,NA,354852.25,Soil
919,35.795795,-119.98771,11/8/17,2017,JT_Highway33,NA,174804.064,Soil
920,35.795795,-119.98771,11/8/17,2017,JT_Highway33,NA,478963.135,Soil
921,35.795795,-119.98771,11/8/17,2017,JT_Highway33,NA,917721.335,Soil
922,35.795795,-119.98771,11/8/17,2017,JT_Highway33,NA,645026.996,Soil
923,35.795795,-119.98771,11/8/17,2017,JT_Highway33,NA,338245.864,Soil
924,35.795795,-119.98771,11/8/17,2017,JT_Highway33,NA,917721.335,Soil
925,35.795795,-119.98771,11/8/17,2017,JT_Highway33,NA,403797.388,Soil
926,35.795795,-119.98771,11/8/17,2017,JT_Highway33,NA,419529.753,Soil
927,35.795795,-119.98771,11/8/17,2017,JT_Highway33,NA,123236.865,Soil
928,34.9898165,-119.48191,7/19/21,2021,Carizzo,NA,4,Burrow
929,34.9898165,-119.48191,7/19/21,2021,Carizzo,NA,3,Burrow
930,35.0278528,-119.54484,10/24/21,2021,Carizzo,NA,4,Burrow
931,35.0278528,-119.54484,10/24/21,2021,Carizzo,NA,4,Burrow
932,35.0278528,-119.54484,10/24/21,2021,Carizzo,NA,4,Burrow
933,35.0278528,-119.54484,10/24/21,2021,Carizzo,NA,4,Burrow
934,35.0587815,-119.68004,4/11/22,2022,Carizzo,NA,4,Burrow
935,35.0589899,-119.67955,4/19/21,2021,Carizzo,NA,4,Burrow
936,35.0589899,-119.67955,4/19/21,2021,Carizzo,NA,3,Burrow
937,35.0589899,-119.67955,4/19/21,2021,Carizzo,NA,4,Burrow
938,35.0590191,-119.67962,10/24/21,2021,Carizzo,NA,4,Burrow
939,35.0590191,-119.67962,10/24/21,2021,Carizzo,NA,4,Burrow
940,35.0590191,-119.67962,10/24/21,2021,Carizzo,NA,4,Burrow
941,35.0590191,-119.67962,10/24/21,2021,Carizzo,NA,4,Burrow
942,35.0590383,-119.67959,7/21/21,2021,Carizzo,NA,4,Burrow
943,35.0590383,-119.67959,7/21/21,2021,Carizzo,NA,4,Burrow
944,35.0590383,-119.67959,7/21/21,2021,Carizzo,NA,4,Burrow
945,35.0590383,-119.67959,7/21/21,2021,Carizzo,NA,4,Burrow
946,35.0590383,-119.67959,7/21/21,2021,Carizzo,NA,4,Burrow
947,35.0590692,-119.60929,7/21/21,2021,Carizzo,NA,4,Burrow
948,35.0590692,-119.60929,7/21/21,2021,Carizzo,NA,4,Burrow
949,35.0590692,-119.60929,7/21/21,2021,Carizzo,NA,4,Burrow
950,35.0592504,-119.68033,4/19/21,2021,Carizzo,NA,3,Burrow
951,35.0592504,-119.68033,4/19/21,2021,Carizzo,NA,4,Burrow
952,35.0592504,-119.68033,4/19/21,2021,Carizzo,NA,4,Burrow
953,35.0592504,-119.68033,4/19/21,2021,Carizzo,NA,4,Burrow
954,35.059276,-119.68029,4/19/21,2021,Carizzo,NA,3,Burrow
955,35.0592786,-119.68034,7/21/21,2021,Carizzo,NA,4,Burrow
956,35.0592786,-119.68034,7/21/21,2021,Carizzo,NA,4,Burrow
957,35.0592786,-119.68034,7/21/21,2021,Carizzo,NA,4,Burrow
958,35.0593599,-119.68028,4/11/22,2022,Carizzo,NA,4,Burrow
959,35.0593599,-119.68028,4/11/22,2022,Carizzo,NA,4,Burrow
960,35.0593599,-119.68028,4/11/22,2022,Carizzo,NA,4,Burrow
961,35.0593599,-119.68028,4/11/22,2022,Carizzo,NA,4,Burrow
962,35.0593599,-119.68028,4/11/22,2022,Carizzo,NA,4,Burrow
963,35.061245,-119.68596,10/24/21,2021,Carizzo,NA,3,Burrow
964,35.061245,-119.68596,10/24/21,2021,Carizzo,NA,4,Burrow
965,35.061245,-119.68596,10/24/21,2021,Carizzo,NA,3,Burrow
966,35.061307,-119.68599,4/19/21,2021,Carizzo,NA,4,Burrow
967,35.0613459,-119.68612,10/24/21,2021,Carizzo,NA,4,Burrow
968,35.0613459,-119.68612,10/24/21,2021,Carizzo,NA,4,Burrow
969,35.0613459,-119.68612,10/24/21,2021,Carizzo,NA,3,Burrow
970,35.0613459,-119.68612,10/24/21,2021,Carizzo,NA,4,Burrow
971,35.0613459,-119.68612,10/24/21,2021,Carizzo,NA,4,Burrow
972,35.0616747,-119.68576,4/19/21,2021,Carizzo,NA,4,Burrow
973,35.0616747,-119.68576,4/19/21,2021,Carizzo,NA,4,Burrow
974,35.0616747,-119.68576,4/19/21,2021,Carizzo,NA,3,Burrow
975,35.0617932,-119.68584,7/21/21,2021,Carizzo,NA,4,Burrow
976,35.0617932,-119.68584,7/21/21,2021,Carizzo,NA,4,Burrow
977,35.0617932,-119.68584,7/21/21,2021,Carizzo,NA,4,Burrow
978,35.0643251,-119.69232,4/19/21,2021,Carizzo,NA,4,Burrow
979,35.0643265,-119.69229,10/24/21,2021,Carizzo,NA,3,Burrow
980,35.0643265,-119.69229,10/24/21,2021,Carizzo,NA,4,Burrow
981,35.0643265,-119.69229,10/24/21,2021,Carizzo,NA,3,Burrow
982,35.0643636,-119.69231,4/11/22,2022,Carizzo,NA,4,Burrow
983,35.0643636,-119.69231,4/11/22,2022,Carizzo,NA,4,Burrow
984,35.0643636,-119.69231,4/11/22,2022,Carizzo,NA,4,Burrow
985,35.0643829,-119.69227,7/21/21,2021,Carizzo,NA,4,Burrow
986,35.0643829,-119.69227,7/21/21,2021,Carizzo,NA,4,Burrow
987,35.0646641,-119.6244,4/11/22,2022,Carizzo,NA,4,Burrow
988,35.0646641,-119.6244,4/11/22,2022,Carizzo,NA,4,Burrow
989,35.0646641,-119.6244,4/11/22,2022,Carizzo,NA,4,Burrow
990,35.0646641,-119.6244,4/11/22,2022,Carizzo,NA,4,Burrow
991,35.0647269,-119.6928,10/24/21,2021,Carizzo,NA,4,Burrow
992,35.0647269,-119.6928,10/24/21,2021,Carizzo,NA,4,Burrow
993,35.0647269,-119.6928,10/24/21,2021,Carizzo,NA,4,Burrow
994,35.0647269,-119.6928,10/24/21,2021,Carizzo,NA,4,Burrow
995,35.0647504,-119.69277,7/21/21,2021,Carizzo,NA,3,Burrow
996,35.0647504,-119.69277,7/21/21,2021,Carizzo,NA,4,Burrow
997,35.0647504,-119.69277,7/21/21,2021,Carizzo,NA,4,Burrow
998,35.064751,-119.69277,4/11/22,2022,Carizzo,NA,4,Burrow
999,35.064751,-119.69277,4/11/22,2022,Carizzo,NA,3,Burrow
1000,35.064751,-119.69277,4/11/22,2022,Carizzo,NA,4,Burrow
1001,35.064751,-119.69277,4/11/22,2022,Carizzo,NA,4,Burrow
1002,35.0647591,-119.69264,4/19/21,2021,Carizzo,NA,4,Burrow
1003,35.0647591,-119.69264,4/19/21,2021,Carizzo,NA,4,Burrow
1004,35.0649463,-119.69219,4/19/21,2021,Carizzo,NA,4,Soil
1005,35.06498,-119.69215,4/19/21,2021,Carizzo,NA,3,Burrow
1006,35.0649841,-119.69215,10/24/21,2021,Carizzo,NA,4,Soil
1007,35.06502,-119.69213,4/11/22,2022,Carizzo,NA,4,Burrow
1008,35.06502,-119.69213,4/11/22,2022,Carizzo,NA,4,Burrow
1009,35.06502,-119.69213,4/11/22,2022,Carizzo,NA,4,Burrow
1010,35.06502,-119.69213,4/11/22,2022,Carizzo,NA,4,Burrow
1011,35.0650375,-119.69209,4/11/22,2022,Carizzo,NA,4,Burrow
1012,35.0650375,-119.69209,4/11/22,2022,Carizzo,NA,4,Burrow
1013,35.0650375,-119.69209,4/11/22,2022,Carizzo,NA,4,Burrow
1014,35.0650562,-119.69206,10/24/21,2021,Carizzo,NA,4,Burrow
1015,35.0650562,-119.69206,10/24/21,2021,Carizzo,NA,4,Burrow
1016,35.0650562,-119.69206,10/24/21,2021,Carizzo,NA,4,Burrow
1017,35.0650562,-119.69206,10/24/21,2021,Carizzo,NA,4,Burrow
1018,35.0650591,-119.69209,7/21/21,2021,Carizzo,NA,4,Burrow
1019,35.0650591,-119.69209,7/21/21,2021,Carizzo,NA,4,Burrow
1020,35.0650591,-119.69209,7/21/21,2021,Carizzo,NA,4,Burrow
1021,35.0650591,-119.69209,7/21/21,2021,Carizzo,NA,4,Burrow
1022,35.0761641,-119.67009,10/24/21,2021,Carizzo,NA,4,Burrow
1023,35.0761641,-119.67009,10/24/21,2021,Carizzo,NA,4,Burrow
1024,35.0761641,-119.67009,10/24/21,2021,Carizzo,NA,4,Burrow
1025,35.0761641,-119.67009,10/24/21,2021,Carizzo,NA,4,Burrow
1026,35.0761641,-119.67009,10/24/21,2021,Carizzo,NA,4,Burrow
1027,35.0761828,-119.67009,7/22/21,2021,Carizzo,NA,4,Burrow
1028,35.0762726,-119.67048,7/22/21,2021,Carizzo,NA,4,Burrow
1029,35.0762726,-119.67048,7/22/21,2021,Carizzo,NA,3,Burrow
1030,35.0764515,-119.67044,10/24/21,2021,Carizzo,NA,4,Burrow
1031,35.0764545,-119.67045,4/11/22,2022,Carizzo,NA,4,Burrow
1032,35.0764545,-119.67045,4/11/22,2022,Carizzo,NA,4,Burrow
1033,35.0764545,-119.67045,4/11/22,2022,Carizzo,NA,4,Burrow
1034,35.0764545,-119.67045,4/11/22,2022,Carizzo,NA,4,Burrow
1035,35.0764545,-119.67045,4/11/22,2022,Carizzo,NA,4,Burrow
1036,35.0765031,-119.67005,10/24/21,2021,Carizzo,NA,4,Burrow
1037,35.0765031,-119.67005,10/24/21,2021,Carizzo,NA,4,Burrow
1038,35.0765218,-119.67001,4/11/22,2022,Carizzo,NA,4,Burrow
1039,35.0765417,-119.67002,4/22/21,2021,Carizzo,NA,4,Burrow
1040,35.0783342,-119.6684,4/22/21,2021,Carizzo,NA,4,Burrow
1041,35.0792309,-119.67483,7/22/21,2021,Carizzo,NA,4,Burrow
1042,35.0792309,-119.67483,7/22/21,2021,Carizzo,NA,4,Burrow
1043,35.0792309,-119.67483,7/22/21,2021,Carizzo,NA,4,Burrow
1044,35.0792468,-119.67481,10/23/21,2021,Carizzo,NA,3,Burrow
1045,35.0792888,-119.67477,4/22/21,2021,Carizzo,NA,4,Burrow
1046,35.0796489,-119.67463,4/11/22,2022,Carizzo,NA,4,Soil
1047,35.0796832,-119.67457,10/23/21,2021,Carizzo,NA,4,Burrow
1048,35.0796952,-119.67468,7/22/21,2021,Carizzo,NA,4,Burrow
1049,35.0796956,-119.67461,4/22/21,2021,Carizzo,NA,4,Burrow
1050,35.0797102,-119.67457,4/11/22,2022,Carizzo,NA,3,Burrow
1051,35.0800799,-119.67474,4/22/21,2021,Carizzo,NA,3,Burrow
1052,35.0800799,-119.67474,4/22/21,2021,Carizzo,NA,4,Burrow
1053,35.080087,-119.6747,4/11/22,2022,Carizzo,NA,3,Burrow
1054,35.0806172,-119.68592,4/11/22,2022,Carizzo,NA,3,Burrow
1055,35.0809354,-119.66004,4/11/22,2022,Carizzo,NA,4,Burrow
1056,35.0809354,-119.66004,4/11/22,2022,Carizzo,NA,3,Burrow
1057,35.0809716,-119.66005,4/21/21,2021,Carizzo,NA,4,Burrow
1058,35.0813549,-119.65955,7/21/21,2021,Carizzo,NA,4,Burrow
1059,35.0813549,-119.65955,7/21/21,2021,Carizzo,NA,4,Burrow
1060,35.0813549,-119.65955,7/21/21,2021,Carizzo,NA,4,Burrow
1061,35.0813549,-119.65955,7/21/21,2021,Carizzo,NA,4,Burrow
1062,35.0813564,-119.65962,10/24/21,2021,Carizzo,NA,4,Burrow
1063,35.0813564,-119.65962,10/24/21,2021,Carizzo,NA,4,Burrow
1064,35.0813564,-119.65962,10/24/21,2021,Carizzo,NA,4,Burrow
1065,35.0813564,-119.65962,10/24/21,2021,Carizzo,NA,4,Burrow
1066,35.0813564,-119.65962,10/24/21,2021,Carizzo,NA,4,Burrow
1067,35.0814101,-119.65917,10/24/21,2021,Carizzo,NA,4,Burrow
1068,35.0814101,-119.65917,10/24/21,2021,Carizzo,NA,4,Burrow
1069,35.0814101,-119.65917,10/24/21,2021,Carizzo,NA,4,Burrow
1070,35.0814101,-119.65917,10/24/21,2021,Carizzo,NA,4,Burrow
1071,35.0814101,-119.65917,10/24/21,2021,Carizzo,NA,4,Burrow
1072,35.0814153,-119.65957,4/21/21,2021,Carizzo,NA,4,Burrow
1073,35.0814153,-119.65957,4/21/21,2021,Carizzo,NA,4,Burrow
1074,35.0814153,-119.65957,4/21/21,2021,Carizzo,NA,4,Burrow
1075,35.0814153,-119.65957,4/21/21,2021,Carizzo,NA,4,Burrow
1076,35.0814189,-119.65918,4/11/22,2022,Carizzo,NA,4,Burrow
1077,35.0814189,-119.65918,4/11/22,2022,Carizzo,NA,4,Burrow
1078,35.0814189,-119.65918,4/11/22,2022,Carizzo,NA,3,Burrow
1079,35.0814189,-119.65918,4/11/22,2022,Carizzo,NA,3,Burrow
1080,35.0814613,-119.65918,4/21/21,2021,Carizzo,NA,4,Burrow
1081,35.0814613,-119.65918,4/21/21,2021,Carizzo,NA,4,Burrow
1082,35.0814613,-119.65918,4/21/21,2021,Carizzo,NA,4,Burrow
1083,35.0814613,-119.65918,4/21/21,2021,Carizzo,NA,4,Burrow
1084,35.0814613,-119.65918,4/21/21,2021,Carizzo,NA,4,Burrow
1085,35.0814695,-119.65917,7/21/21,2021,Carizzo,NA,4,Burrow
1086,35.0814695,-119.65917,7/21/21,2021,Carizzo,NA,4,Burrow
1087,35.0814695,-119.65917,7/21/21,2021,Carizzo,NA,4,Burrow
1088,35.0814695,-119.65917,7/21/21,2021,Carizzo,NA,4,Burrow
1089,35.0814695,-119.65917,7/21/21,2021,Carizzo,NA,4,Burrow
1090,35.082162,-119.6808,10/24/21,2021,Carizzo,NA,4,Burrow
1091,35.0821696,-119.67427,10/23/21,2021,Carizzo,NA,4,Burrow
1092,35.0821696,-119.67427,10/23/21,2021,Carizzo,NA,4,Burrow
1093,35.0821696,-119.67427,10/23/21,2021,Carizzo,NA,4,Burrow
1094,35.0821696,-119.67427,10/23/21,2021,Carizzo,NA,4,Burrow
1095,35.0821696,-119.67427,10/23/21,2021,Carizzo,NA,4,Burrow
1096,35.0821816,-119.68095,7/18/21,2021,Carizzo,NA,4,Burrow
1097,35.0821947,-119.68075,4/22/21,2021,Carizzo,NA,4,Burrow
1098,35.082201,-119.68097,4/22/21,2021,Carizzo,NA,4,Burrow
1099,35.082201,-119.68097,4/22/21,2021,Carizzo,NA,3,Burrow
1100,35.0822224,-119.66927,4/21/21,2021,Carizzo,NA,4,Burrow
1101,35.0822523,-119.68027,7/18/21,2021,Carizzo,NA,4,Burrow
1102,35.0822564,-119.66905,7/19/21,2021,Carizzo,NA,4,Burrow
1103,35.0822564,-119.66905,7/19/21,2021,Carizzo,NA,4,Burrow
1104,35.0822564,-119.66905,7/19/21,2021,Carizzo,NA,3,Burrow
1105,35.0822564,-119.66905,7/19/21,2021,Carizzo,NA,4,Burrow
1106,35.0823358,-119.68034,4/11/22,2022,Carizzo,NA,4,Burrow
1107,35.0823358,-119.68034,4/11/22,2022,Carizzo,NA,4,Burrow
1108,35.0829298,-119.6604,10/24/21,2021,Carizzo,NA,3,Burrow
1109,35.0829298,-119.6604,10/24/21,2021,Carizzo,NA,3,Burrow
1110,35.0832885,-119.65489,10/24/21,2021,Carizzo,NA,4,Burrow
1111,35.0832885,-119.65489,10/24/21,2021,Carizzo,NA,4,Burrow
1112,35.083299,-119.65488,4/11/22,2022,Carizzo,NA,4,Burrow
1113,35.083299,-119.65488,4/11/22,2022,Carizzo,NA,3,Burrow
1114,35.083299,-119.65488,4/11/22,2022,Carizzo,NA,3,Burrow
1115,35.083299,-119.65488,4/11/22,2022,Carizzo,NA,4,Burrow
1116,35.0833257,-119.65487,7/21/21,2021,Carizzo,NA,4,Burrow
1117,35.0833257,-119.65487,7/21/21,2021,Carizzo,NA,3,Burrow
1118,35.0833257,-119.65487,7/21/21,2021,Carizzo,NA,4,Burrow
1119,35.0834518,-119.65513,10/24/21,2021,Carizzo,NA,4,Burrow
1120,35.0835484,-119.65518,10/24/21,2021,Carizzo,NA,4,Burrow
1121,35.0835484,-119.65518,10/24/21,2021,Carizzo,NA,4,Burrow
1122,35.0835484,-119.65518,10/24/21,2021,Carizzo,NA,4,Burrow
1123,35.083556,-119.65566,4/19/21,2021,Carizzo,NA,3,Soil
1124,35.0836777,-119.6556,4/19/21,2021,Carizzo,NA,4,Burrow
1125,35.0836777,-119.6556,4/19/21,2021,Carizzo,NA,4,Burrow
1126,35.0838193,-119.68038,4/22/21,2021,Carizzo,NA,4,Burrow
1127,35.0838193,-119.68038,4/22/21,2021,Carizzo,NA,4,Burrow
1128,35.0838193,-119.68038,4/22/21,2021,Carizzo,NA,4,Burrow
1129,35.0838328,-119.67469,10/23/21,2021,Carizzo,NA,4,Burrow
1130,35.0838328,-119.67469,10/23/21,2021,Carizzo,NA,4,Burrow
1131,35.0838781,-119.67474,7/19/21,2021,Carizzo,NA,4,Burrow
1132,35.0838781,-119.67474,7/19/21,2021,Carizzo,NA,4,Burrow
1133,35.0838781,-119.67474,7/19/21,2021,Carizzo,NA,4,Burrow
1134,35.0838781,-119.67474,7/19/21,2021,Carizzo,NA,4,Burrow
1135,35.0839776,-119.67539,4/22/21,2021,Carizzo,NA,3,Soil
1136,35.0839779,-119.67539,10/23/21,2021,Carizzo,NA,4,Soil
1137,35.0839818,-119.67543,4/11/22,2022,Carizzo,NA,3,Burrow
1138,35.0839818,-119.67543,4/11/22,2022,Carizzo,NA,4,Burrow
1139,35.0839923,-119.67525,4/22/21,2021,Carizzo,NA,4,Burrow
1140,35.0840426,-119.67536,10/23/21,2021,Carizzo,NA,4,Burrow
1141,35.0840426,-119.67536,10/23/21,2021,Carizzo,NA,4,Burrow
1142,35.0840426,-119.67536,10/23/21,2021,Carizzo,NA,3,Burrow
1143,35.0841413,-119.67477,4/11/22,2022,Carizzo,NA,4,Burrow
1144,35.0841413,-119.67477,4/11/22,2022,Carizzo,NA,4,Burrow
1145,35.0841413,-119.67477,4/11/22,2022,Carizzo,NA,4,Burrow
1146,35.0846027,-119.67437,4/22/21,2021,Carizzo,NA,4,Burrow
1147,35.0852386,-119.67722,7/20/21,2021,Carizzo,NA,4,Burrow
1148,35.0852386,-119.67722,7/20/21,2021,Carizzo,NA,4,Burrow
1149,35.0852386,-119.67722,7/20/21,2021,Carizzo,NA,4,Burrow
1150,35.0852386,-119.67722,7/20/21,2021,Carizzo,NA,4,Burrow
1151,35.1054875,-119.7343,10/22/21,2021,Carizzo,NA,4,Burrow
1152,35.1054875,-119.7343,10/22/21,2021,Carizzo,NA,4,Burrow
1153,35.1054875,-119.7343,10/22/21,2021,Carizzo,NA,3,Burrow
1154,35.1054875,-119.7343,10/22/21,2021,Carizzo,NA,4,Burrow
1155,35.1078378,-119.73302,4/10/22,2022,Carizzo,NA,4,Burrow
1156,35.1080051,-119.73175,4/20/21,2021,Carizzo,NA,4,Burrow
1157,35.1080051,-119.73175,4/20/21,2021,Carizzo,NA,4,Burrow
1158,35.1080334,-119.73173,10/22/21,2021,Carizzo,NA,4,Burrow
1159,35.1080334,-119.73173,10/22/21,2021,Carizzo,NA,4,Burrow
1160,35.1080411,-119.7318,7/20/21,2021,Carizzo,NA,4,Burrow
1161,35.1080411,-119.7318,7/20/21,2021,Carizzo,NA,4,Burrow
1162,35.1080411,-119.7318,7/20/21,2021,Carizzo,NA,4,Burrow
1163,35.1080411,-119.7318,7/20/21,2021,Carizzo,NA,4,Burrow
1164,35.1080411,-119.7318,7/20/21,2021,Carizzo,NA,3,Burrow
1165,35.1082812,-119.73214,7/20/21,2021,Carizzo,NA,4,Burrow
1166,35.1082812,-119.73214,7/20/21,2021,Carizzo,NA,4,Burrow
1167,35.1088007,-119.73281,4/20/21,2021,Carizzo,NA,3,Burrow
1168,35.1088007,-119.73281,4/20/21,2021,Carizzo,NA,4,Burrow
1169,35.1088007,-119.73281,4/20/21,2021,Carizzo,NA,4,Burrow
1170,35.1088217,-119.7329,4/10/22,2022,Carizzo,NA,4,Soil
1171,35.1088217,-119.7329,4/10/22,2022,Carizzo,NA,4,Soil
1172,35.1088521,-119.73279,10/22/21,2021,Carizzo,NA,3,Burrow
1173,35.1088521,-119.73279,10/22/21,2021,Carizzo,NA,4,Burrow
1174,35.1129115,-119.73024,10/23/21,2021,Carizzo,NA,4,Burrow
1175,35.1129146,-119.73023,7/20/21,2021,Carizzo,NA,3,Burrow
1176,35.1129146,-119.73023,7/20/21,2021,Carizzo,NA,4,Burrow
1177,35.1129146,-119.73023,7/20/21,2021,Carizzo,NA,4,Burrow
1178,35.1130681,-119.72962,10/22/21,2021,Carizzo,NA,4,Burrow
1179,35.113128,-119.72989,7/20/21,2021,Carizzo,NA,4,Burrow
1180,35.113128,-119.72989,7/20/21,2021,Carizzo,NA,4,Burrow
1181,35.113128,-119.72989,7/20/21,2021,Carizzo,NA,4,Burrow
1182,35.1134856,-119.71739,7/20/21,2021,Carizzo,NA,3,Burrow
1183,35.1134856,-119.71739,7/20/21,2021,Carizzo,NA,4,Burrow
1184,35.1134856,-119.71739,7/20/21,2021,Carizzo,NA,4,Burrow
1185,35.1134856,-119.71739,7/20/21,2021,Carizzo,NA,4,Burrow
1186,35.1134856,-119.71739,7/20/21,2021,Carizzo,NA,4,Burrow
1187,35.1134882,-119.71738,7/22/21,2021,Carizzo,NA,4,Burrow
1188,35.1134882,-119.71738,7/22/21,2021,Carizzo,NA,3,Burrow
1189,35.1138947,-119.71678,7/20/21,2021,Carizzo,NA,4,Soil
1190,35.1138947,-119.71678,7/20/21,2021,Carizzo,NA,4,Soil
1191,35.1145647,-119.74752,4/10/22,2022,Carizzo,NA,4,Soil
1192,35.1145926,-119.74757,10/22/21,2021,Carizzo,NA,4,Burrow
1193,35.1145926,-119.74757,10/22/21,2021,Carizzo,NA,4,Burrow
1194,35.1145926,-119.74757,10/22/21,2021,Carizzo,NA,4,Burrow
1195,35.1146727,-119.70123,4/21/21,2021,Carizzo,NA,4,Burrow
1196,35.1146727,-119.70123,4/21/21,2021,Carizzo,NA,4,Burrow
1197,35.1147538,-119.74716,7/20/21,2021,Carizzo,NA,4,Burrow
1198,35.1147538,-119.74716,7/20/21,2021,Carizzo,NA,3,Burrow
1199,35.1148247,-119.74839,4/10/22,2022,Carizzo,NA,4,Soil
1200,35.1148463,-119.74811,10/22/21,2021,Carizzo,NA,3,Burrow
1201,35.1148463,-119.74811,10/22/21,2021,Carizzo,NA,3,Burrow
1202,35.1148463,-119.74811,10/22/21,2021,Carizzo,NA,4,Burrow
1203,35.1148463,-119.74811,10/22/21,2021,Carizzo,NA,4,Burrow
1204,35.1148792,-119.7168,7/20/21,2021,Carizzo,NA,4,Burrow
1205,35.1148792,-119.7168,7/20/21,2021,Carizzo,NA,4,Burrow
1206,35.1148792,-119.7168,7/20/21,2021,Carizzo,NA,4,Burrow
1207,35.1149007,-119.74819,7/20/21,2021,Carizzo,NA,3,Burrow
1208,35.1149148,-119.74811,10/22/21,2021,Carizzo,NA,4,Burrow
1209,35.1149148,-119.74811,10/22/21,2021,Carizzo,NA,4,Burrow
1210,35.1163782,-119.7479,10/24/21,2021,Carizzo,NA,3,Burrow
1211,35.1165084,-119.7021,7/20/21,2021,Carizzo,NA,4,Burrow
1212,35.1165084,-119.7021,7/20/21,2021,Carizzo,NA,4,Burrow
1213,35.1165084,-119.7021,7/20/21,2021,Carizzo,NA,4,Burrow
1214,35.1165084,-119.7021,7/20/21,2021,Carizzo,NA,4,Burrow
1215,35.1166731,-119.73112,4/20/21,2021,Carizzo,NA,4,Burrow
1216,35.1166731,-119.73112,4/20/21,2021,Carizzo,NA,3,Burrow
1217,35.1192411,-119.73919,10/22/21,2021,Carizzo,NA,4,Burrow
1218,35.1200912,-119.73904,4/20/21,2021,Carizzo,NA,4,Burrow
1219,35.1200912,-119.73904,4/20/21,2021,Carizzo,NA,4,Burrow
1220,35.1200912,-119.73904,4/20/21,2021,Carizzo,NA,4,Burrow
1221,35.1217466,-119.72058,4/10/22,2022,Carizzo,NA,3,Burrow
1222,35.1218841,-119.72475,10/23/21,2021,Carizzo,NA,4,Burrow
1223,35.1218841,-119.72475,10/23/21,2021,Carizzo,NA,4,Burrow
1224,35.1218857,-119.72052,10/23/21,2021,Carizzo,NA,4,Burrow
1225,35.1218857,-119.72052,10/23/21,2021,Carizzo,NA,4,Burrow
1226,35.1221838,-119.72493,7/19/21,2021,Carizzo,NA,4,Burrow
1227,35.1221838,-119.72493,7/19/21,2021,Carizzo,NA,3,Burrow
1228,35.1221838,-119.72493,7/19/21,2021,Carizzo,NA,4,Burrow
1229,35.1221838,-119.72493,7/19/21,2021,Carizzo,NA,4,Burrow
1230,35.1221856,-119.72493,4/21/21,2021,Carizzo,NA,4,Burrow
1231,35.1222083,-119.72431,7/19/21,2021,Carizzo,NA,3,Burrow
1232,35.1222571,-119.72428,10/23/21,2021,Carizzo,NA,4,Soil
1233,35.1222723,-119.72425,4/21/21,2021,Carizzo,NA,4,Soil
1234,35.1255234,-119.71684,4/10/22,2022,Carizzo,NA,4,Soil
1235,35.1255234,-119.71684,4/10/22,2022,Carizzo,NA,4,Soil
1236,35.1256099,-119.7448,4/10/22,2022,Carizzo,NA,3,Burrow
1237,35.1256099,-119.7448,4/10/22,2022,Carizzo,NA,4,Burrow
1238,35.126192,-119.74374,4/10/22,2022,Carizzo,NA,3,Burrow
1239,35.1287003,-119.7235,4/21/21,2021,Carizzo,NA,4,Burrow
1240,35.1287003,-119.7235,4/21/21,2021,Carizzo,NA,4,Burrow
1241,35.1287003,-119.7235,4/21/21,2021,Carizzo,NA,4,Burrow
1242,35.1321969,-119.74592,7/19/21,2021,Carizzo,NA,3,Burrow
1243,35.1327096,-119.74603,7/20/21,2021,Carizzo,NA,3,Burrow
1244,35.1327096,-119.74603,7/20/21,2021,Carizzo,NA,3,Burrow
1245,35.1327491,-119.74601,4/10/22,2022,Carizzo,NA,4,Burrow
1246,35.1327491,-119.74601,4/10/22,2022,Carizzo,NA,4,Burrow
1247,35.1327491,-119.74601,4/10/22,2022,Carizzo,NA,4,Burrow
1248,35.133298,-119.74666,7/19/21,2021,Carizzo,NA,3,Burrow
1249,35.1333614,-119.74646,10/22/21,2021,Carizzo,NA,3,Burrow